id,first_name,last_name,age,email,gender,ip_address,birth_year
1,Ky,Skirving,40,kskirving0@bloomberg.com,Male,237.115.205.5,1986
2,Caitlin,Mundwell,6,cmundwell1@msn.com,Female,30.77.53.149,2020
3,Loree,Plait,31,lplait2@over-blog.com,Female,154.144.248.20,1995
4,Ev,Batters,53,ebatters3@va.gov,Male,25.203.47.250,1973
5,Hebert,McAuley,23,hmcauley4@nytimes.com,Male,212.15.187.75,2003
6,Ase,Oddboy,46,aoddboy5@theguardian.com,Male,217.244.212.65,1980
7,Kerwinn,Bagnold,40,kbagnold6@un.org,Male,251.138.41.64,1986
8,Lee,Morgon,31,lmorgon7@yellowbook.com,Female,197.76.98.232,1995
9,Mag,Spaughton,42,mspaughton8@forbes.com,Female,255.212.210.212,1984
10,Jessee,Penbarthy,80,jpenbarthy9@webeden.co.uk,Male,19.167.109.240,1946
11,Suzie,Sexton,6,ssextona@dailymotion.com,Female,31.93.49.72,2020
12,Thebault,Gossart,48,tgossartb@microsoft.com,Male,92.232.2.33,1978
13,Gunter,Ponder,67,gponderc@4shared.com,Male,117.129.229.32,1959
14,Lorena,Campanelli,67,lcampanellid@last.fm,Female,217.135.63.144,1959
15,Karla,Bezarra,76,kbezarrae@mtv.com,Female,226.149.89.164,1950
16,Essy,Kaes,28,ekaesf@blog.com,Female,242.205.130.162,1998
17,Durant,Dyke,74,ddykeg@bbb.org,Male,49.107.188.149,1952
18,Packston,Crole,69,pcroleh@theguardian.com,Male,80.202.221.243,1957
19,Adrian,Hawarden,77,ahawardeni@51.la,Genderqueer,125.254.180.220,1949
20,Freida,MacCauley,46,fmaccauleyj@jalbum.net,Female,44.213.54.85,1980
21,Isaiah,Lorie,58,iloriek@msn.com,Male,224.115.76.74,1968
22,Natalya,Hiskey,25,nhiskeyl@qq.com,Female,225.183.7.59,2001
23,Carroll,Reinhardt,80,creinhardtm@yahoo.com,Male,212.195.179.96,1946
24,Johanna,Ritmeier,1,jritmeiern@cargocollective.com,Female,231.138.218.241,2025
25,Herb,Lapidus,18,hlapiduso@slideshare.net,Non-binary,19.50.106.225,2008
26,Hedi,Bowering,47,hboweringp@craigslist.org,Female,1.207.171.164,1979
27,Saunder,Eversley,4,seversleyq@webeden.co.uk,Male,148.221.200.246,2022
28,Karly,Wakeley,65,kwakeleyr@last.fm,Female,11.187.109.202,1961
29,Berkeley,Goodrum,63,bgoodrums@desdev.cn,Male,185.19.32.215,1963
30,Venus,Tripcony,58,vtripconyt@smh.com.au,Female,146.113.22.36,1968
31,Deanne,Ballentime,9,dballentimeu@qq.com,Female,204.122.34.186,2017
32,Malina,McCalum,93,mmccalumv@github.com,Female,229.177.59.12,1933
33,Paxton,Sapsford,24,psapsfordw@joomla.org,Agender,155.152.91.234,2002
34,Daune,Drioli,62,ddriolix@sfgate.com,Female,178.125.227.90,1964
35,Abeu,McPake,26,amcpakey@netscape.com,Male,81.120.114.186,2000
36,Lacie,Kynastone,60,lkynastonez@admin.ch,Female,222.85.90.72,1966
37,Jarid,Dobrowlski,14,jdobrowlski10@topsy.com,Male,255.121.153.187,2012
38,Hall,Sprosson,87,hsprosson11@typepad.com,Male,113.241.239.254,1939
39,Nathanial,Culcheth,34,nculcheth12@istockphoto.com,Male,210.150.249.201,1992
40,Lyndsie,McHan,89,lmchan13@icq.com,Female,191.18.205.3,1937
41,Ralf,Whittingham,5,rwhittingham14@t.co,Male,68.1.197.255,2021
42,Viva,Bond,1,vbond15@tuttocitta.it,Female,254.102.64.126,2025
43,Nickey,Harmond,8,nharmond16@woothemes.com,Male,3.118.36.92,2018
44,Ainslie,Mulbery,71,amulbery17@istockphoto.com,Female,123.127.18.10,1955
45,Ric,Elton,85,relton18@nationalgeographic.com,Male,191.58.55.155,1941
46,Guy,Ropert,61,gropert19@intel.com,Male,20.30.176.188,1965
47,Sari,Danelutti,39,sdanelutti1a@senate.gov,Female,172.233.236.36,1987
48,Ailina,Rosenwasser,52,arosenwasser1b@histats.com,Female,154.198.100.106,1974
49,Verene,Fulkes,48,vfulkes1c@1688.com,Female,192.184.181.55,1978
50,Dominick,Guiel,35,dguiel1d@meetup.com,Male,150.136.6.197,1991
51,Kayla,Harrell,27,kharrell1e@accuweather.com,Female,179.151.147.59,1999
52,Koral,Ramsbottom,52,kramsbottom1f@bravesites.com,Agender,147.17.144.27,1974
53,Aleta,Redding,66,aredding1g@rakuten.co.jp,Female,184.172.209.121,1960
54,Abner,Curle,59,acurle1h@zimbio.com,Male,178.39.253.27,1967
55,Katey,Woolatt,57,kwoolatt1i@ocn.ne.jp,Female,21.119.86.68,1969
56,Johan,Osgerby,82,josgerby1j@slashdot.org,Male,181.178.46.214,1944
57,Ric,Snelman,49,rsnelman1k@senate.gov,Male,140.176.205.237,1977
58,Olivette,Hartington,90,ohartington1l@slideshare.net,Female,12.100.243.99,1936
59,Gram,Clubbe,19,gclubbe1m@mlb.com,Male,90.211.100.255,2007
60,Cherish,Payfoot,67,cpayfoot1n@trellian.com,Female,177.12.115.228,1959
61,Daune,Slyne,70,dslyne1o@sakura.ne.jp,Female,183.72.124.112,1956
62,Carolina,Maudett,47,cmaudett1p@soundcloud.com,Female,112.225.64.56,1979
63,Celinka,Gerbi,91,cgerbi1q@zdnet.com,Female,175.3.111.210,1935
64,Kermit,Capnerhurst,42,kcapnerhurst1r@cdc.gov,Male,150.48.46.192,1984
65,Jeannette,Etches,31,jetches1s@yale.edu,Female,12.143.79.225,1995
66,Hortensia,Woolam,44,hwoolam1t@ask.com,Female,167.62.181.195,1982
67,Isa,Fison,69,ifison1u@merriam-webster.com,Female,157.165.181.183,1957
68,Edward,Drabble,36,edrabble1v@tinyurl.com,Male,109.248.251.69,1990
69,Hoebart,Plunket,46,hplunket1w@scientificamerican.com,Male,55.156.193.60,1980
70,Lorie,Matusov,63,lmatusov1x@jigsy.com,Female,152.59.167.44,1963
71,Maryjo,Middle,73,mmiddle1y@163.com,Polygender,113.183.228.88,1953
72,Zechariah,Ridehalgh,64,zridehalgh1z@lulu.com,Male,110.208.97.46,1962
73,Alexandre,Spargo,44,aspargo20@zimbio.com,Male,106.232.15.138,1982
74,Marion,Sulter,66,msulter21@europa.eu,Genderfluid,82.72.134.1,1960
75,Saloma,Wiz,24,swiz22@yellowpages.com,Female,63.136.195.57,2002
76,Theobald,Masden,24,tmasden23@geocities.jp,Male,185.208.115.130,2002
77,Vincenty,Kunc,13,vkunc24@netlog.com,Male,107.251.139.18,2013
78,Katrina,Thomke,52,kthomke25@nytimes.com,Female,251.214.66.156,1974
79,Peter,Occleshaw,2,poccleshaw26@comcast.net,Non-binary,189.63.217.205,2024
80,Sibyl,Balffye,92,sbalffye27@networksolutions.com,Male,124.30.27.50,1934
81,Angel,Blanchette,90,ablanchette28@jugem.jp,Male,99.34.155.29,1936
82,Chicky,Watkiss,10,cwatkiss29@soundcloud.com,Male,134.38.157.61,2016
83,Darrelle,Origin,78,dorigin2a@admin.ch,Female,212.109.124.19,1948
84,Max,Brosh,46,mbrosh2b@sun.com,Male,66.48.205.69,1980
85,Bennie,Grishinov,15,bgrishinov2c@w3.org,Male,106.183.183.125,2011
86,Karlotte,Satterlee,57,ksatterlee2d@flickr.com,Female,191.134.2.99,1969
87,Zared,Karolewski,1,zkarolewski2e@slideshare.net,Male,126.241.133.175,2025
88,Rachelle,Paunton,23,rpaunton2f@dailymotion.com,Female,98.111.44.78,2003
89,Rina,Ellyatt,11,rellyatt2g@xinhuanet.com,Female,33.52.223.10,2015
90,Ty,Dumphry,97,tdumphry2h@gmpg.org,Non-binary,207.44.137.70,1929
91,Lawrence,Tipling,83,ltipling2i@xinhuanet.com,Male,245.152.234.117,1943
92,Clevey,Gossipin,10,cgossipin2j@jimdo.com,Male,167.183.94.180,2016
93,Jamey,Methven,69,jmethven2k@blog.com,Male,31.25.92.16,1957
94,Wiley,Crommett,6,wcrommett2l@globo.com,Male,116.232.37.104,2020
95,Gennie,Winterson,71,gwinterson2m@csmonitor.com,Agender,68.63.151.55,1955
96,Alyda,Camden,63,acamden2n@nyu.edu,Female,189.8.68.29,1963
97,Jerrold,Christofol,54,jchristofol2o@tamu.edu,Male,253.189.246.22,1972
98,Arch,Bruyet,46,abruyet2p@rediff.com,Male,70.75.141.249,1980
99,Dorrie,Jewes,56,djewes2q@gnu.org,Female,153.17.230.111,1970
100,Inglis,Fuentez,13,ifuentez2r@imdb.com,Male,193.127.85.248,2013
101,Nertie,Kemm,22,nkemm2s@tinypic.com,Female,215.220.190.33,2004
102,Korrie,Bricket,42,kbricket2t@hugedomains.com,Female,10.111.93.119,1984
103,Beryl,Adrien,93,badrien2u@gravatar.com,Female,255.80.19.213,1933
104,Julie,Peile,81,jpeile2v@over-blog.com,Female,180.158.251.129,1945
105,Madge,Robison,73,mrobison2w@amazon.co.jp,Female,186.0.238.132,1953
106,Clarey,Plover,8,cplover2x@narod.ru,Genderqueer,46.188.11.81,2018
107,Zenia,Ropkins,80,zropkins2y@netscape.com,Bigender,183.124.74.114,1946
108,Leyla,Geare,51,lgeare2z@hhs.gov,Female,214.207.29.40,1975
109,Stacie,Morhall,66,smorhall30@w3.org,Female,189.236.43.194,1960
110,Margie,Cheeney,91,mcheeney31@cbsnews.com,Female,219.83.169.112,1935
111,Carline,Housaman,65,chousaman32@aol.com,Female,142.141.45.167,1961
112,Aindrea,Ruslen,57,aruslen33@nps.gov,Female,130.1.160.49,1969
113,Aile,Hodgins,86,ahodgins34@scribd.com,Female,208.79.99.23,1940
114,Burk,Webby,17,bwebby35@webs.com,Genderqueer,220.57.107.89,2009
115,Clemmy,Jakab,72,cjakab36@independent.co.uk,Female,4.197.239.31,1954
116,Liv,Vecard,10,lvecard37@gnu.org,Female,199.189.125.17,2016
117,Benn,Keough,19,bkeough38@opera.com,Male,119.200.47.108,2007
118,Cora,Longland,6,clongland39@shop-pro.jp,Female,229.78.18.55,2020
119,Cathlene,Dorbon,19,cdorbon3a@wufoo.com,Female,10.244.145.216,2007
120,Barny,Willan,43,bwillan3b@parallels.com,Male,113.161.227.200,1983
121,Chase,Brandsen,72,cbrandsen3c@ezinearticles.com,Male,81.36.88.147,1954
122,Cesar,Prozillo,20,cprozillo3d@1688.com,Male,122.17.44.238,2006
123,Dorine,Ferroli,84,dferroli3e@histats.com,Female,166.26.0.24,1942
124,Simmonds,Dumberell,89,sdumberell3f@tamu.edu,Male,2.10.249.218,1937
125,Anne-marie,Tarpey,44,atarpey3g@tiny.cc,Female,197.172.174.97,1982
126,Lita,Gerrelt,71,lgerrelt3h@ehow.com,Female,155.191.10.212,1955
127,Brewer,Holbury,25,bholbury3i@quantcast.com,Male,212.60.63.181,2001
128,Colin,Forsbey,89,cforsbey3j@zdnet.com,Male,35.59.125.223,1937
129,Ursulina,Dufton,78,udufton3k@dropbox.com,Female,239.219.193.208,1948
130,Matthieu,Rooson,5,mrooson3l@vkontakte.ru,Male,238.255.166.18,2021
131,Harlene,Andreichik,96,handreichik3m@umich.edu,Female,52.165.79.202,1930
132,Kerstin,Roget,7,kroget3n@mysql.com,Female,60.38.96.230,2019
133,Giacobo,Wittleton,94,gwittleton3o@who.int,Male,214.214.117.124,1932
134,Dolly,Addis,32,daddis3p@tamu.edu,Female,9.154.234.81,1994
135,Abbie,Wrintmore,65,awrintmore3q@purevolume.com,Male,31.57.40.163,1961
136,Elvyn,Houldcroft,7,ehouldcroft3r@google.nl,Male,34.146.122.193,2019
137,Lammond,Seage,71,lseage3s@shareasale.com,Genderqueer,204.235.94.208,1955
138,Irma,O'Lenechan,98,iolenechan3t@sakura.ne.jp,Female,116.201.241.218,1928
139,Hubey,Hainning,66,hhainning3u@vinaora.com,Male,178.174.127.242,1960
140,Corbin,McGrorty,45,cmcgrorty3v@npr.org,Male,181.198.52.42,1981
141,Shawn,Glasman,57,sglasman3w@cbsnews.com,Male,212.70.141.126,1969
142,Ivett,Dallas,44,idallas3x@guardian.co.uk,Female,98.177.39.216,1982
143,Zonda,Skate,32,zskate3y@live.com,Female,205.146.91.179,1994
144,Constantino,Duggon,34,cduggon3z@cmu.edu,Male,204.39.146.70,1992
145,Tawnya,Baynam,52,tbaynam40@altervista.org,Polygender,25.247.100.35,1974
146,Daisy,Goodered,68,dgoodered41@wufoo.com,Genderfluid,234.164.211.196,1958
147,Sib,Lyles,26,slyles42@cbc.ca,Female,211.91.136.155,2000
148,Amalle,Beeckx,65,abeeckx43@google.co.uk,Female,14.144.196.91,1961
149,Webb,MacNab,71,wmacnab44@imgur.com,Male,224.163.245.80,1955
150,Garrot,Duffer,32,gduffer45@opensource.org,Male,83.99.8.248,1994
151,Margaret,Hyde,3,mhyde46@goo.gl,Female,38.22.4.25,2023
152,Martica,Firidolfi,67,mfiridolfi47@skype.com,Female,200.108.158.115,1959
153,Arni,Shaw,43,ashaw48@imgur.com,Male,131.81.89.169,1983
154,Florida,Cardus,96,fcardus49@utexas.edu,Female,191.175.162.108,1930
155,Fernanda,Ravenscraft,13,fravenscraft4a@ocn.ne.jp,Female,5.15.102.114,2013
156,Papagena,Grindlay,97,pgrindlay4b@theatlantic.com,Female,67.100.8.142,1929
157,Nichole,MacKeig,1,nmackeig4c@live.com,Male,221.254.50.40,2025
158,Skipton,Glassborow,11,sglassborow4d@businessinsider.com,Male,216.233.213.205,2015
159,Dina,Manterfield,27,dmanterfield4e@tripod.com,Female,246.50.82.102,1999
160,Othella,Kebbell,29,okebbell4f@yandex.ru,Female,239.112.206.171,1997
161,Kain,Whittick,57,kwhittick4g@gravatar.com,Genderfluid,116.244.209.123,1969
162,Sibeal,O'Spellissey,73,sospellissey4h@weibo.com,Female,70.163.147.41,1953
163,Siana,Jorat,59,sjorat4i@telegraph.co.uk,Female,8.104.112.29,1967
164,Kevin,Starbucke,92,kstarbucke4j@surveymonkey.com,Male,108.188.146.166,1934
165,Ransell,Skerme,74,rskerme4k@usa.gov,Male,9.224.180.6,1952
166,Joice,Raeside,44,jraeside4l@quantcast.com,Female,72.24.116.159,1982
167,Ammamaria,Du Barry,3,adubarry4m@bluehost.com,Female,188.57.162.180,2023
168,Vida,Fountian,68,vfountian4n@umn.edu,Female,74.35.43.254,1958
169,Lancelot,Brogioni,9,lbrogioni4o@wsj.com,Male,12.173.7.155,2017
170,Rainer,Riddle,37,rriddle4p@webmd.com,Male,74.197.17.51,1989
171,Novelia,Tedman,62,ntedman4q@hubpages.com,Female,249.62.141.61,1964
172,Alayne,Thackham,73,athackham4r@cmu.edu,Female,59.170.12.110,1953
173,Taber,Loreit,19,tloreit4s@google.nl,Male,13.26.131.19,2007
174,Beitris,Patek,69,bpatek4t@illinois.edu,Agender,125.43.21.47,1957
175,Julius,Gulleford,22,jgulleford4u@sciencedirect.com,Male,60.116.150.184,2004
176,Raymund,Klimowicz,13,rklimowicz4v@buzzfeed.com,Male,75.220.83.127,2013
177,Nettie,McCaughey,28,nmccaughey4w@unc.edu,Agender,146.89.218.39,1998
178,Kellby,Hodgon,8,khodgon4x@google.de,Male,180.140.41.72,2018
179,Randal,Bonaire,48,rbonaire4y@nyu.edu,Male,130.123.145.211,1978
180,Daveen,Jepson,44,djepson4z@gravatar.com,Female,138.174.213.13,1982
181,Jessy,Dowse,74,jdowse50@bloomberg.com,Female,5.113.51.104,1952
182,Inessa,Fleet,68,ifleet51@unc.edu,Female,130.143.247.183,1958
183,Corly,Penchen,28,cpenchen52@imdb.com,Female,191.113.208.216,1998
184,Leanna,Woodburn,9,lwoodburn53@yale.edu,Female,201.211.238.119,2017
185,Caresa,Jendrusch,9,cjendrusch54@paginegialle.it,Agender,42.75.126.20,2017
186,Denise,Tebbutt,68,dtebbutt55@usgs.gov,Female,153.0.109.233,1958
187,Tiphany,Tibols,1,ttibols56@privacy.gov.au,Female,110.62.13.2,2025
188,Constanta,Ashlin,10,cashlin57@histats.com,Female,97.196.176.178,2016
189,Ode,Spollen,74,ospollen58@yolasite.com,Male,234.146.233.87,1952
190,Bradney,Leeburn,65,bleeburn59@nymag.com,Male,240.192.107.8,1961
191,Tracy,Colliar,88,tcolliar5a@google.de,Male,145.25.186.225,1938
192,Budd,Moulton,47,bmoulton5b@ocn.ne.jp,Male,47.3.139.148,1979
193,Bartolomeo,Beames,19,bbeames5c@walmart.com,Male,204.42.64.38,2007
194,Frasier,Penton,80,fpenton5d@tinypic.com,Male,138.48.245.175,1946
195,Monah,Northey,3,mnorthey5e@goodreads.com,Female,202.104.199.76,2023
196,Bertrando,Dyment,33,bdyment5f@independent.co.uk,Male,206.136.99.208,1993
197,Odetta,Deval,61,odeval5g@arizona.edu,Female,248.78.229.6,1965
198,Tan,Downes,89,tdownes5h@ebay.com,Male,110.91.94.210,1937
199,Diego,Ruckhard,92,druckhard5i@uiuc.edu,Male,146.161.64.148,1934
200,Emlyn,Eggins,81,eeggins5j@soup.io,Male,171.71.112.93,1945
201,Yettie,Decroix,73,ydecroix5k@instagram.com,Female,57.74.244.219,1953
202,Ginni,Weedon,79,gweedon5l@taobao.com,Female,88.183.26.156,1947
203,Bron,Stoner,12,bstoner5m@foxnews.com,Male,82.31.133.150,2014
204,Tommie,Anyene,50,tanyene5n@tripadvisor.com,Male,235.138.171.174,1976
205,Feliks,Andrea,22,fandrea5o@yelp.com,Male,175.47.30.39,2004
206,Boyd,Sainter,38,bsainter5p@rediff.com,Male,104.186.181.73,1988
207,Constantin,Bente,14,cbente5q@nature.com,Male,18.89.217.75,2012
208,Jenifer,Dargie,37,jdargie5r@npr.org,Female,239.147.167.111,1989
209,Taddeusz,Hamerton,42,thamerton5s@ca.gov,Male,117.171.221.28,1984
210,Fran,Tremaine,4,ftremaine5t@zimbio.com,Female,27.91.22.57,2022
211,Jessi,Gilcriest,52,jgilcriest5u@typepad.com,Non-binary,111.88.48.76,1974
212,Teresa,Simm,8,tsimm5v@ifeng.com,Female,39.207.173.190,2018
213,Ruggiero,McNuff,22,rmcnuff5w@samsung.com,Male,97.116.19.178,2004
214,Alano,Hampshire,91,ahampshire5x@google.co.uk,Male,81.46.183.193,1935
215,Wiley,Gauch,25,wgauch5y@ox.ac.uk,Male,118.174.171.102,2001
216,Antoine,Impy,47,aimpy5z@addtoany.com,Male,124.133.180.160,1979
217,Worthington,Jesper,63,wjesper60@clickbank.net,Male,155.153.76.21,1963
218,Avrit,Dymock,24,adymock61@samsung.com,Female,234.51.94.49,2002
219,Marie,Mascall,72,mmascall62@facebook.com,Female,69.208.119.222,1954
220,Jerrie,Valasek,42,jvalasek63@nba.com,Male,178.20.195.61,1984
221,Baxy,Hedgeley,21,bhedgeley64@globo.com,Male,13.94.193.69,2005
222,Herman,Andrzejowski,21,handrzejowski65@loc.gov,Male,83.88.245.183,2005
223,Skipp,Pickwell,35,spickwell66@nbcnews.com,Male,29.11.5.122,1991
224,Engracia,Bladder,42,ebladder67@1688.com,Female,64.167.140.2,1984
225,Rosanne,Cluett,70,rcluett68@nasa.gov,Female,179.90.139.37,1956
226,Lenette,Garvagh,13,lgarvagh69@ucla.edu,Female,240.77.171.86,2013
227,Ignace,Chark,50,ichark6a@kickstarter.com,Male,20.174.215.127,1976
228,Marga,Thackston,46,mthackston6b@altervista.org,Female,221.220.133.198,1980
229,Koren,Durrand,52,kdurrand6c@kickstarter.com,Genderfluid,86.178.19.249,1974
230,Darren,Feaviour,85,dfeaviour6d@cmu.edu,Male,23.67.98.192,1941
231,Maressa,Millimoe,20,mmillimoe6e@plala.or.jp,Female,209.61.228.171,2006
232,Rutter,Thaim,4,rthaim6f@pcworld.com,Male,169.179.53.133,2022
233,Clio,Drivers,97,cdrivers6g@goo.gl,Female,36.71.48.251,1929
234,Ezra,Akam,29,eakam6h@boston.com,Male,255.245.42.244,1997
235,Immanuel,Sudy,59,isudy6i@yahoo.com,Genderfluid,142.204.164.177,1967
236,Rik,Bushell,60,rbushell6j@independent.co.uk,Male,32.88.251.194,1966
237,Ewell,Van der Krui,59,evanderkrui6k@godaddy.com,Male,220.43.170.9,1967
238,Josephine,Cullerne,19,jcullerne6l@wufoo.com,Female,108.239.41.53,2007
239,Dunstan,Kummerlowe,39,dkummerlowe6m@dot.gov,Male,54.216.84.223,1987
240,Alexine,Crumpe,71,acrumpe6n@youku.com,Female,24.184.24.93,1955
241,Tillie,Lune,1,tlune6o@delicious.com,Female,215.104.1.172,2025
242,Torrance,Alner,22,talner6p@domainmarket.com,Male,66.90.136.238,2004
243,Penn,Bugler,93,pbugler6q@msn.com,Male,73.250.87.101,1933
244,Georgette,Thirlwell,80,gthirlwell6r@goo.gl,Female,9.84.5.200,1946
245,Dredi,Mendel,50,dmendel6s@paypal.com,Female,30.148.195.59,1976
246,Belita,Hedger,42,bhedger6t@europa.eu,Female,211.81.154.172,1984
247,Emmi,Barkworth,12,ebarkworth6u@amazon.de,Female,241.46.215.243,2014
248,Donnie,Paradine,63,dparadine6v@etsy.com,Male,173.71.142.63,1963
249,Justina,Wadley,71,jwadley6w@acquirethisname.com,Female,107.37.157.157,1955
250,Jobey,Mably,98,jmably6x@ebay.co.uk,Female,141.193.188.146,1928
251,Arron,Ivannikov,28,aivannikov6y@histats.com,Male,168.160.70.67,1998
252,Brok,Megainey,11,bmegainey6z@xing.com,Male,96.55.124.157,2015
253,Kitti,Crosskill,45,kcrosskill70@fotki.com,Female,11.29.87.23,1981
254,Artair,Warrington,22,awarrington71@shop-pro.jp,Male,229.200.146.208,2004
255,Aylmar,Taillard,99,ataillard72@chronoengine.com,Male,202.30.98.169,1927
256,Othilie,Krale,67,okrale73@example.com,Female,106.246.70.221,1959
257,Jed,Dollard,86,jdollard74@vistaprint.com,Male,113.78.255.120,1940
258,Klement,Heineken,37,kheineken75@printfriendly.com,Male,36.31.199.198,1989
259,Domini,Vreede,78,dvreede76@scientificamerican.com,Female,80.213.225.192,1948
260,Kerianne,Savary,28,ksavary77@t.co,Female,161.11.190.184,1998
261,Angelika,Maevela,86,amaevela78@aol.com,Female,168.25.61.23,1940
262,Matthiew,Francie,55,mfrancie79@plala.or.jp,Male,143.93.114.127,1971
263,Ricardo,Gambie,31,rgambie7a@phoca.cz,Male,119.41.119.155,1995
264,Daveen,Cumpsty,42,dcumpsty7b@dot.gov,Female,207.234.228.191,1984
265,Any,Gaythwaite,19,agaythwaite7c@vimeo.com,Genderqueer,194.197.92.65,2007
266,Valerye,Tolland,81,vtolland7d@irs.gov,Female,215.68.185.216,1945
267,Roderigo,Gapper,4,rgapper7e@pbs.org,Male,52.219.248.177,2022
268,Kacey,Schachter,56,kschachter7f@tiny.cc,Female,201.251.59.10,1970
269,Barbabra,Whitter,33,bwhitter7g@army.mil,Female,253.15.136.8,1993
270,Morissa,Faucherand,68,mfaucherand7h@yahoo.com,Non-binary,172.121.245.11,1958
271,Bondie,cornhill,42,bcornhill7i@java.com,Male,208.158.144.125,1984
272,Nichols,Drewery,59,ndrewery7j@wufoo.com,Male,247.115.229.6,1967
273,Elfrieda,Marquese,66,emarquese7k@wiley.com,Female,23.217.8.161,1960
274,Robinson,Gowler,60,rgowler7l@wunderground.com,Male,144.14.76.106,1966
275,Kerry,Sowden,51,ksowden7m@facebook.com,Male,2.201.14.73,1975
276,Arabel,Doret,63,adoret7n@friendfeed.com,Female,99.62.102.165,1963
277,Aurelie,Ciobutaru,69,aciobutaru7o@intel.com,Female,153.197.201.60,1957
278,Elsbeth,Mowbray,84,emowbray7p@fc2.com,Female,178.248.237.83,1942
279,Flss,Nester,5,fnester7q@cbslocal.com,Female,69.98.91.74,2021
280,Gav,Ales0,81,gales7r@apple.com,Male,9.49.250.53,1945
281,Jorey,Croote,82,jcroote7s@mtv.com,Female,117.205.226.128,1944
282,Mellie,Gurden,24,mgurden7t@home.pl,Female,79.114.104.230,2002
283,Beryl,Peaker,64,bpeaker7u@xing.com,Female,169.96.231.166,1962
284,Con,Sawl,8,csawl7v@cbsnews.com,Male,70.101.196.77,2018
285,Gill,Jouen,54,gjouen7w@earthlink.net,Genderfluid,98.134.211.85,1972
286,Joellyn,Solomonides,10,jsolomonides7x@kickstarter.com,Female,2.22.93.154,2016
287,Gaspard,Paskins,98,gpaskins7y@npr.org,Male,189.78.255.226,1928
288,Conan,Jakeman,39,cjakeman7z@jugem.jp,Male,203.225.94.220,1987
289,Ailina,Glisane,45,aglisane80@yandex.ru,Female,146.124.62.192,1981
290,De witt,Yoell,40,dyoell81@google.com.br,Male,90.80.227.17,1986
291,Eve,McTerlagh,68,emcterlagh82@simplemachines.org,Female,29.113.73.142,1958
292,Nesta,Tayspell,34,ntayspell83@typepad.com,Female,76.243.102.50,1992
293,Bevan,Lottrington,86,blottrington84@simplemachines.org,Male,0.65.75.122,1940
294,Patricio,Ohm,11,pohm85@xinhuanet.com,Male,129.246.168.121,2015
295,Aubert,Warman,24,awarman86@elpais.com,Male,196.7.219.88,2002
296,Vinnie,Sagg,28,vsagg87@mozilla.org,Male,65.91.157.147,1998
297,Royall,Sappell,19,rsappell88@illinois.edu,Polygender,232.22.111.86,2007
298,Laverne,Larkby,83,llarkby89@ed.gov,Female,224.185.158.57,1943
299,Willi,Mallett,51,wmallett8a@skype.com,Male,26.169.11.210,1975
300,Kip,Batchan,31,kbatchan8b@elpais.com,Male,42.109.175.88,1995
301,Jereme,MacMenemy,72,jmacmenemy8c@usnews.com,Bigender,41.118.158.44,1954
302,Staffard,Blose,36,sblose8d@blinklist.com,Male,238.156.99.94,1990
303,Zorine,Showen,67,zshowen8e@theglobeandmail.com,Female,210.212.169.33,1959
304,Benjamin,Mattiassi,68,bmattiassi8f@jiathis.com,Male,209.157.88.156,1958
305,Willi,Adlington,69,wadlington8g@microsoft.com,Male,156.30.48.122,1957
306,Mora,Gottschalk,54,mgottschalk8h@technorati.com,Female,224.55.71.138,1972
307,Lorianna,Castilla,89,lcastilla8i@seattletimes.com,Female,58.137.79.101,1937
308,Giraldo,Splain,79,gsplain8j@networkadvertising.org,Male,159.255.29.32,1947
309,Dilly,Tratton,35,dtratton8k@harvard.edu,Male,31.170.145.216,1991
310,Van,O' Hern,88,vohern8l@who.int,Female,1.199.139.210,1938
311,Murdock,Piller,87,mpiller8m@dyndns.org,Male,92.197.193.214,1939
312,Geno,Jain,45,gjain8n@msn.com,Male,140.28.9.71,1981
313,Sebastien,Spruce,50,sspruce8o@dagondesign.com,Agender,54.197.78.72,1976
314,Zebedee,Dunthorn,69,zdunthorn8p@goodreads.com,Agender,246.12.255.71,1957
315,Dita,Coenraets,80,dcoenraets8q@jigsy.com,Female,207.85.136.52,1946
316,Maximilien,Terbrugge,64,mterbrugge8r@ucla.edu,Male,65.71.180.111,1962
317,Sharlene,Agge,69,sagge8s@un.org,Female,31.66.25.61,1957
318,Lazare,Quinnette,97,lquinnette8t@google.es,Male,62.174.89.251,1929
319,Falito,Ellul,88,fellul8u@dailymail.co.uk,Agender,189.203.19.150,1938
320,Orel,Samuels,19,osamuels8v@simplemachines.org,Female,97.81.55.34,2007
321,Rosette,Bater,35,rbater8w@indiatimes.com,Female,12.42.26.212,1991
322,Francisco,Spowage,72,fspowage8x@sourceforge.net,Male,95.35.131.81,1954
323,Debbie,Fadian,4,dfadian8y@java.com,Female,113.172.85.168,2022
324,Moe,Keme,78,mkeme8z@cbc.ca,Male,15.97.171.146,1948
325,Randall,Owbridge,76,rowbridge90@squidoo.com,Male,50.127.4.87,1950
326,Olenka,Pinshon,72,opinshon91@booking.com,Female,174.193.13.93,1954
327,Edouard,Fain,45,efain92@umich.edu,Male,144.46.191.192,1981
328,Bern,Titta,25,btitta93@yahoo.co.jp,Male,122.150.218.17,2001
329,Borg,Middler,27,bmiddler94@intel.com,Male,203.81.51.106,1999
330,Pren,Bownd,90,pbownd95@usa.gov,Male,200.51.134.9,1936
331,Florina,Briston,8,fbriston96@latimes.com,Female,99.54.88.45,2018
332,Evangelina,Spikeings,7,espikeings97@usda.gov,Female,220.28.79.9,2019
333,Aila,Allenby,11,aallenby98@cocolog-nifty.com,Female,104.69.144.63,2015
334,Jacobo,Dirkin,99,jdirkin99@tmall.com,Male,245.79.46.192,1927
335,Emlynn,Gayne,88,egayne9a@cbslocal.com,Female,111.174.154.21,1938
336,Carey,Crichmer,1,ccrichmer9b@woothemes.com,Male,55.43.171.126,2025
337,Claudio,Caswill,69,ccaswill9c@bloglovin.com,Male,178.221.180.131,1957
338,Margaretha,Ockland,88,mockland9d@wordpress.org,Female,243.174.197.69,1938
339,Emmey,Malthouse,41,emalthouse9e@sun.com,Female,140.154.184.171,1985
340,Franni,Diprose,73,fdiprose9f@issuu.com,Female,209.94.36.109,1953
341,Henriette,Brute,13,hbrute9g@admin.ch,Female,68.191.88.27,2013
342,Cecil,Radleigh,64,cradleigh9h@desdev.cn,Female,167.58.127.133,1962
343,Lydon,Lightbourn,72,llightbourn9i@google.de,Male,88.59.108.24,1954
344,Loutitia,McWilliams,17,lmcwilliams9j@webs.com,Non-binary,149.235.245.215,2009
345,Jobyna,Buttner,67,jbuttner9k@ihg.com,Female,246.172.227.15,1959
346,Donavon,Menat,47,dmenat9l@home.pl,Male,120.122.55.170,1979
347,Garrott,Paty,87,gpaty9m@umn.edu,Male,113.4.245.1,1939
348,Marylee,Cassimer,17,mcassimer9n@ifeng.com,Female,101.18.225.185,2009
349,Sunny,Venning,51,svenning9o@photobucket.com,Male,12.219.53.255,1975
350,Reggy,Lemm,93,rlemm9p@theatlantic.com,Male,141.172.118.188,1933
351,Brigit,Cuskery,96,bcuskery9q@freewebs.com,Female,35.66.24.84,1930
352,Christos,Whitticks,27,cwhitticks9r@usda.gov,Male,32.157.113.224,1999
353,Marji,Upsale,39,mupsale9s@latimes.com,Female,46.154.163.68,1987
354,Ximenez,McKillop,55,xmckillop9t@fda.gov,Male,155.56.208.68,1971
355,Jourdan,O'Loinn,45,joloinn9u@wikia.com,Female,191.0.230.156,1981
356,Jodi,Loudon,80,jloudon9v@ft.com,Male,80.161.16.5,1946
357,Josiah,Delmage,12,jdelmage9w@walmart.com,Male,62.43.108.100,2014
358,Tiff,Jebb,40,tjebb9x@gov.uk,Female,180.164.171.74,1986
359,Rosaleen,Grisdale,96,rgrisdale9y@g.co,Female,80.174.57.190,1930
360,Rebecka,Iskowitz,58,riskowitz9z@wiley.com,Female,38.107.220.113,1968
361,Romy,Roseby,18,rrosebya0@sogou.com,Female,46.191.240.99,2008
362,Letizia,Algore,86,lalgorea1@tamu.edu,Female,144.240.203.159,1940
363,Waylon,Hasel,80,whasela2@google.ru,Male,165.77.50.138,1946
364,Lissy,Pembry,64,lpembrya3@wordpress.com,Agender,14.221.67.116,1962
365,Giusto,Pache,38,gpachea4@drupal.org,Male,129.103.180.23,1988
366,Danella,Blais,52,dblaisa5@utexas.edu,Female,95.97.102.237,1974
367,Rorie,Soutter,67,rsouttera6@lycos.com,Female,169.169.229.109,1959
368,Mariele,Cescon,25,mcescona7@state.gov,Female,83.37.161.99,2001
369,Milissent,Dowman,27,mdowmana8@timesonline.co.uk,Female,122.241.253.35,1999
370,Carma,Vidyapin,80,cvidyapina9@ycombinator.com,Female,40.204.123.184,1946
371,Dame,Samart,80,dsamartaa@sina.com.cn,Polygender,236.157.233.241,1946
372,Yalonda,Franzetti,99,yfranzettiab@bbb.org,Female,2.188.94.53,1927
373,Lolita,O'Cridigan,67,locridiganac@stanford.edu,Female,140.213.253.101,1959
374,Raimundo,Sabben,41,rsabbenad@redcross.org,Male,164.221.78.224,1985
375,Alia,Ormshaw,88,aormshawae@nsw.gov.au,Female,93.212.38.125,1938
376,Amabel,Kubek,54,akubekaf@slashdot.org,Female,223.54.5.100,1972
377,Klement,Gateshill,14,kgateshillag@slideshare.net,Male,43.25.178.90,2012
378,Blinni,Maude,4,bmaudeah@digg.com,Female,190.249.86.141,2022
379,Lanita,Mustarde,83,lmustardeai@mashable.com,Female,252.245.216.235,1943
380,Larina,Sisneros,18,lsisnerosaj@google.nl,Female,215.63.150.64,2008
381,Anastasia,MacSween,21,amacsweenak@aboutads.info,Female,159.237.75.117,2005
382,Halley,Bunworth,79,hbunworthal@reverbnation.com,Agender,161.67.26.47,1947
383,Homer,Elia,56,heliaam@ihg.com,Male,50.10.228.248,1970
384,Reid,Holwell,56,rholwellan@imageshack.us,Male,78.159.125.15,1970
385,Anders,Bullivent,10,abulliventao@upenn.edu,Male,81.232.176.21,2016
386,Sharline,O'Hara,4,soharaap@foxnews.com,Female,87.212.184.183,2022
387,Hewe,Rosekilly,62,hrosekillyaq@va.gov,Male,83.194.192.176,1964
388,Andree,Jakubiak,41,ajakubiakar@addtoany.com,Female,92.67.143.143,1985
389,Jacinthe,Jackson,78,jjacksonas@msn.com,Female,160.0.57.89,1948
390,Muhammad,Simionato,16,msimionatoat@rediff.com,Male,217.104.225.33,2010
391,Evangelin,Harridge,74,eharridgeau@princeton.edu,Female,209.67.130.56,1952
392,Guss,Keford,38,gkefordav@mail.ru,Male,241.172.45.157,1988
393,Steffi,Antoniak,93,santoniakaw@csmonitor.com,Female,17.170.93.207,1933
394,Yancy,Dy,67,ydyax@mail.ru,Male,106.162.64.50,1959
395,Meridel,Antonoczyk,66,mantonoczykay@google.es,Female,203.220.69.108,1960
396,Tabbi,Herety,96,theretyaz@ucla.edu,Female,222.112.176.185,1930
397,Gillian,Feetham,7,gfeethamb0@blog.com,Female,205.51.187.102,2019
398,Lynnett,Inde,96,lindeb1@bbb.org,Female,6.253.187.132,1930
399,Niel,Pitts,23,npittsb2@dyndns.org,Male,54.30.250.235,2003
400,Lindsay,Finicj,97,lfinicjb3@com.com,Male,30.198.138.169,1929
401,Tristam,Dudenie,16,tdudenieb4@noaa.gov,Male,145.186.132.51,2010
402,Micheal,Stewartson,36,mstewartsonb5@hexun.com,Male,123.142.143.11,1990
403,Stefanie,Kuhnke,11,skuhnkeb6@spotify.com,Female,83.254.21.136,2015
404,Nico,Como,20,ncomob7@amazonaws.com,Male,126.156.68.224,2006
405,Ange,Jamary,29,ajamaryb8@mayoclinic.com,Polygender,206.108.168.141,1997
406,Mordecai,Gueny,14,mguenyb9@army.mil,Male,178.135.141.137,2012
407,Chauncey,Gulc,99,cgulcba@loc.gov,Male,169.225.148.36,1927
408,Alaster,Langforth,49,alangforthbb@sourceforge.net,Male,78.75.253.154,1977
409,Phyllys,Fitzroy,10,pfitzroybc@tumblr.com,Female,31.97.196.231,2016
410,Inez,Huelin,98,ihuelinbd@reddit.com,Genderfluid,157.171.75.222,1928
411,Madison,Killeley,42,mkilleleybe@hugedomains.com,Male,153.191.13.20,1984
412,Darb,Margrem,66,dmargrembf@a8.net,Female,203.228.39.149,1960
413,Melosa,Horche,66,mhorchebg@list-manage.com,Female,85.250.48.209,1960
414,Boonie,Whitlam,39,bwhitlambh@rambler.ru,Male,42.199.4.122,1987
415,Julia,Grut,12,jgrutbi@g.co,Female,46.159.6.135,2014
416,Theodosia,Bendix,83,tbendixbj@biglobe.ne.jp,Female,196.43.211.147,1943
417,Elmore,Reynold,74,ereynoldbk@psu.edu,Male,190.238.32.66,1952
418,Minni,Chalfain,9,mchalfainbl@reverbnation.com,Female,218.110.73.113,2017
419,Matthiew,Tumpane,54,mtumpanebm@mozilla.org,Male,190.47.37.208,1972
420,Pamela,Guido,34,pguidobn@newsvine.com,Female,32.245.125.102,1992
421,Colby,Shelborne,20,cshelbornebo@abc.net.au,Genderqueer,205.164.202.4,2006
422,Penelope,Wittier,94,pwittierbp@addtoany.com,Female,11.198.85.174,1932
423,Phillipp,Wilkie,92,pwilkiebq@adobe.com,Male,55.68.126.235,1934
424,Klaus,McLaughlan,78,kmclaughlanbr@nasa.gov,Male,224.47.99.65,1948
425,Bendix,Mervyn,28,bmervynbs@fotki.com,Male,86.241.204.195,1998
426,Sybille,Fetteplace,9,sfetteplacebt@chicagotribune.com,Female,217.29.190.115,2017
427,Guillaume,Normanville,28,gnormanvillebu@apache.org,Male,153.181.94.118,1998
428,Hatty,Starcks,87,hstarcksbv@nsw.gov.au,Female,12.242.103.208,1939
429,Elizabeth,Fieldsend,81,efieldsendbw@cpanel.net,Female,90.236.129.8,1945
430,Mindy,Duval,90,mduvalbx@go.com,Female,193.250.186.183,1936
431,Perri,Sarle,87,psarleby@vk.com,Female,103.162.195.97,1939
432,Olva,Thomasset,97,othomassetbz@blogger.com,Female,180.157.14.232,1929
433,Dina,Cirlos,65,dcirlosc0@drupal.org,Female,176.233.57.1,1961
434,Stefanie,Issacov,77,sissacovc1@ucla.edu,Female,242.206.138.27,1949
435,Christalle,Skaid,11,cskaidc2@cam.ac.uk,Female,94.163.230.202,2015
436,Franny,Richardsson,40,frichardssonc3@msn.com,Male,211.75.117.16,1986
437,Sandor,Lillee,68,slilleec4@google.com.hk,Male,109.0.89.8,1958
438,Guillaume,Hurleston,73,ghurlestonc5@shutterfly.com,Male,89.24.91.229,1953
439,Isidore,Gorioli,81,igoriolic6@networksolutions.com,Male,70.137.81.95,1945
440,Berne,Alves,2,balvesc7@slashdot.org,Male,179.46.212.71,2024
441,Adrien,Seeking,13,aseekingc8@nasa.gov,Male,199.5.163.52,2013
442,Kirstin,Greenhalf,77,kgreenhalfc9@apple.com,Genderqueer,51.161.102.199,1949
443,Leonanie,Brailey,31,lbraileyca@drupal.org,Female,168.7.252.6,1995
444,Rickard,Durden,12,rdurdencb@a8.net,Male,169.116.160.192,2014
445,Jean,Vasyukhin,43,jvasyukhincc@nydailynews.com,Male,184.113.68.103,1983
446,Sheilah,Bostock,96,sbostockcd@ning.com,Agender,26.6.34.200,1930
447,Janaye,Haet,61,jhaetce@newsvine.com,Female,202.22.239.157,1965
448,Sigfried,Synder,52,ssyndercf@msu.edu,Male,213.245.138.13,1974
449,Rica,Whenham,36,rwhenhamcg@ibm.com,Female,31.155.65.34,1990
450,Kendal,Docket,21,kdocketch@nsw.gov.au,Male,226.108.125.249,2005
451,Marmaduke,Boardman,89,mboardmanci@com.com,Male,31.127.165.89,1937
452,Randy,Dovinson,96,rdovinsoncj@plala.or.jp,Female,189.245.198.54,1930
453,Anabelle,Minall,29,aminallck@lycos.com,Female,108.50.244.15,1997
454,Talyah,Tolley,99,ttolleycl@europa.eu,Female,39.15.193.77,1927
455,Garnette,Battson,19,gbattsoncm@printfriendly.com,Female,162.144.17.12,2007
456,Ellary,Weatherill,26,eweatherillcn@goo.ne.jp,Male,165.134.34.97,2000
457,Maye,Beddo,67,mbeddoco@geocities.com,Female,99.27.30.43,1959
458,Mason,Amery,28,mamerycp@slashdot.org,Male,11.255.187.53,1998
459,Wernher,Howarth,71,whowarthcq@chron.com,Male,198.36.137.106,1955
460,Lane,Shrimpling,7,lshrimplingcr@unblog.fr,Male,94.17.97.243,2019
461,Renault,Tinwell,19,rtinwellcs@scientificamerican.com,Male,234.167.248.4,2007
462,Ariadne,Gatman,96,agatmanct@liveinternet.ru,Female,158.227.186.206,1930
463,Massimo,Noah,10,mnoahcu@ucoz.com,Male,191.104.173.60,2016
464,Brittaney,Pachmann,71,bpachmanncv@google.cn,Female,33.43.95.105,1955
465,Hoebart,McCromley,40,hmccromleycw@diigo.com,Male,191.23.172.61,1986
466,Abbey,Roll,70,arollcx@netscape.com,Genderqueer,196.79.156.8,1956
467,Martainn,Blockey,22,mblockeycy@creativecommons.org,Male,164.6.217.164,2004
468,Page,Koschke,73,pkoschkecz@blogtalkradio.com,Male,233.37.239.106,1953
469,Thatch,Schneidar,41,tschneidard0@netscape.com,Polygender,68.104.219.42,1985
470,Donnie,Baume,59,dbaumed1@fastcompany.com,Agender,142.246.121.158,1967
471,Dolorita,Timlett,12,dtimlettd2@reference.com,Female,150.101.226.147,2014
472,Rouvin,Jakovijevic,93,rjakovijevicd3@ed.gov,Male,156.63.32.241,1933
473,Norris,Dorkins,16,ndorkinsd4@who.int,Male,47.163.166.157,2010
474,Sidnee,Ellerey,92,sellereyd5@about.me,Male,58.157.94.73,1934
475,Sapphire,Morrissey,28,smorrisseyd6@simplemachines.org,Female,0.193.118.45,1998
476,Peter,Burwell,60,pburwelld7@ca.gov,Male,243.144.31.150,1966
477,Ferne,Godfrey,33,fgodfreyd8@webs.com,Female,249.19.157.239,1993
478,Antonio,Jamblin,31,ajamblind9@cnn.com,Male,227.194.215.202,1995
479,Ambros,Hamm,38,ahammda@berkeley.edu,Male,28.197.110.89,1988
480,Brinn,Cass,17,bcassdb@usda.gov,Female,5.96.194.205,2009
481,Tiffanie,Patesel,8,tpateseldc@comsenz.com,Female,23.4.89.67,2018
482,Letta,Samwaye,54,lsamwayedd@google.es,Female,198.102.41.140,1972
483,My,O'Shirine,63,moshirinede@mozilla.org,Male,53.43.231.119,1963
484,Tammie,Alderton,57,taldertondf@about.com,Female,46.124.88.238,1969
485,Manfred,Arthars,39,martharsdg@360.cn,Male,213.113.98.251,1987
486,Emyle,Gurg,75,egurgdh@army.mil,Female,113.120.129.125,1951
487,Kile,Jimes,82,kjimesdi@narod.ru,Male,10.47.110.46,1944
488,Granger,Ciabatteri,77,gciabatteridj@myspace.com,Male,207.123.12.65,1949
489,Amitie,Julien,41,ajuliendk@narod.ru,Female,107.101.4.161,1985
490,Frederick,Vawton,7,fvawtondl@geocities.com,Male,165.211.33.223,2019
491,Teirtza,Snowball,42,tsnowballdm@tripadvisor.com,Female,217.166.228.168,1984
492,Dasie,Neild,79,dneilddn@senate.gov,Female,90.187.178.53,1947
493,Ole,McCague,97,omccaguedo@aboutads.info,Male,100.60.210.52,1929
494,Caleb,Eller,74,cellerdp@ustream.tv,Male,235.160.124.161,1952
495,Hort,Vallis,35,hvallisdq@state.gov,Male,158.235.176.47,1991
496,Benjamen,Shills,79,bshillsdr@google.es,Male,125.149.177.111,1947
497,Craggie,Metterick,79,cmetterickds@auda.org.au,Male,95.99.191.90,1947
498,Marwin,Kinde,50,mkindedt@statcounter.com,Polygender,177.211.109.165,1976
499,Arnaldo,Cordery,38,acorderydu@e-recht24.de,Male,57.231.4.200,1988
500,Nichols,Kimbury,45,nkimburydv@is.gd,Male,47.127.173.4,1981
501,Eden,Middell,67,emiddelldw@indiatimes.com,Female,195.110.10.68,1959
502,Durant,Earwicker,39,dearwickerdx@tripod.com,Male,232.36.245.194,1987
503,Alysa,Kuhnt,57,akuhntdy@nifty.com,Female,51.175.174.61,1969
504,Corry,Wederell,29,cwederelldz@arstechnica.com,Female,57.99.169.204,1997
505,Petronille,Longwood,31,plongwoode0@google.pl,Female,229.0.120.251,1995
506,Remy,Rowet,8,rrowete1@usgs.gov,Female,79.180.178.93,2018
507,Selie,Rein,60,sreine2@sourceforge.net,Female,123.28.193.115,1966
508,Carlin,Morey,68,cmoreye3@nsw.gov.au,Female,140.39.217.228,1958
509,Darya,Lomax,70,dlomaxe4@netlog.com,Female,182.32.203.230,1956
510,Sutherland,Ellse,87,sellsee5@blog.com,Male,35.120.13.78,1939
511,Lorelle,Bister,29,lbistere6@mediafire.com,Female,53.150.187.1,1997
512,Walden,Robbs,34,wrobbse7@live.com,Male,220.90.68.199,1992
513,Cyb,McGauhy,16,cmcgauhye8@surveymonkey.com,Female,52.87.189.193,2010
514,Haskel,MacIlurick,67,hmaciluricke9@com.com,Genderfluid,243.96.136.8,1959
515,Bobbye,Cartlidge,40,bcartlidgeea@psu.edu,Female,194.99.57.130,1986
516,Angelle,Dodworth,17,adodwortheb@ask.com,Female,115.138.137.218,2009
517,Monte,Aslum,41,maslumec@is.gd,Male,84.69.240.18,1985
518,Yasmeen,Melmore,19,ymelmoreed@netvibes.com,Female,31.14.148.4,2007
519,Liv,Reding,90,lredingee@bloglovin.com,Genderqueer,232.221.120.125,1936
520,Issie,Kinghorn,26,ikinghornef@moonfruit.com,Female,144.133.136.144,2000
521,Jabez,Le Conte,45,jleconteeg@istockphoto.com,Male,206.83.177.173,1981
522,Ruperta,Grenshields,39,rgrenshieldseh@liveinternet.ru,Female,255.187.66.40,1987
523,Janel,Donald,73,jdonaldei@miibeian.gov.cn,Agender,71.169.30.214,1953
524,Nadean,Bowcher,85,nbowcherej@g.co,Female,1.202.142.188,1941
525,Bamby,Hebborne,75,bhebborneek@ask.com,Female,240.239.68.245,1951
526,Lacy,Churm,21,lchurmel@ask.com,Female,195.175.51.231,2005
527,Pauletta,Medendorp,4,pmedendorpem@ifeng.com,Female,19.42.251.146,2022
528,Dylan,Beatson,37,dbeatsonen@house.gov,Male,55.173.22.14,1989
529,Tabbie,Tomlin,19,ttomlineo@livejournal.com,Female,89.116.2.68,2007
530,Vere,Somerled,35,vsomerledep@mail.ru,Female,26.227.221.193,1991
531,Alec,Bogue,10,abogueeq@howstuffworks.com,Male,251.240.22.121,2016
532,Cole,Krojn,48,ckrojner@craigslist.org,Male,86.142.220.89,1978
533,Patience,Ebenezer,5,pebenezeres@cyberchimps.com,Female,237.190.215.194,2021
534,Batsheva,Osmar,7,bosmaret@ehow.com,Female,17.56.207.113,2019
535,Joannes,cornhill,73,jcornhilleu@acquirethisname.com,Female,162.2.150.247,1953
536,Gaylord,Kilpin,36,gkilpinev@mapy.cz,Male,219.40.91.82,1990
537,Kai,Renouf,27,krenoufew@soundcloud.com,Female,240.44.231.169,1999
538,Roland,Humberston,83,rhumberstonex@uol.com.br,Male,7.4.27.205,1943
539,Rudd,Prin,38,rpriney@nymag.com,Male,216.16.159.211,1988
540,Milicent,Velasquez,81,mvelasquezez@discovery.com,Female,166.159.72.74,1945
541,Llywellyn,Dye,10,ldyef0@t.co,Male,89.175.214.219,2016
542,Fred,Naismith,10,fnaismithf1@github.com,Female,71.225.108.132,2016
543,Salvador,Capener,30,scapenerf2@naver.com,Male,94.183.28.122,1996
544,Spencer,Vondruska,53,svondruskaf3@qq.com,Male,228.66.122.172,1973
545,Angelita,Handaside,50,ahandasidef4@marketwatch.com,Female,46.185.172.87,1976
546,Darnall,Rothwell,60,drothwellf5@chicagotribune.com,Male,11.47.102.246,1966
547,Veronika,Syer,21,vsyerf6@wunderground.com,Female,3.173.53.236,2005
548,Gallard,Kendall,46,gkendallf7@dmoz.org,Male,106.73.110.174,1980
549,Florie,Ruvel,64,fruvelf8@topsy.com,Female,18.235.58.22,1962
550,Zena,Sherston,81,zsherstonf9@europa.eu,Female,55.207.50.25,1945
551,Dora,Westney,38,dwestneyfa@amazon.co.uk,Female,28.204.173.207,1988
552,Killie,Buard,31,kbuardfb@oaic.gov.au,Genderqueer,115.165.175.75,1995
553,Tressa,Fucher,13,tfucherfc@dion.ne.jp,Female,194.74.99.145,2013
554,Ruprecht,Cardero,1,rcarderofd@ucla.edu,Male,109.139.201.179,2025
555,Verney,Chinnick,63,vchinnickfe@bing.com,Male,29.249.224.193,1963
556,Tatum,Devine,77,tdevineff@acquirethisname.com,Female,246.146.127.40,1949
557,Wallie,Kenzie,79,wkenziefg@t.co,Male,211.171.237.200,1947
558,Ellie,Garmey,61,egarmeyfh@istockphoto.com,Female,104.137.34.168,1965
559,Drugi,Chaplin,43,dchaplinfi@toplist.cz,Male,74.128.48.134,1983
560,Alejandro,Cleminshaw,36,acleminshawfj@furl.net,Male,80.24.197.113,1990
561,Catie,Kirckman,27,ckirckmanfk@eventbrite.com,Female,198.102.68.84,1999
562,Tricia,Chapier,55,tchapierfl@stanford.edu,Female,19.103.166.91,1971
563,Barton,Chesnut,13,bchesnutfm@discovery.com,Male,205.175.99.228,2013
564,Clemens,Po,48,cpofn@angelfire.com,Male,38.224.224.180,1978
565,Edie,Everill,48,eeverillfo@blogtalkradio.com,Female,132.111.190.177,1978
566,Salomo,Goodliffe,68,sgoodliffefp@symantec.com,Male,112.225.87.147,1958
567,Marya,Belsey,15,mbelseyfq@mysql.com,Female,126.241.75.145,2011
568,Cassaundra,Dyas,51,cdyasfr@reference.com,Female,49.105.153.24,1975
569,Lurline,Woolfall,6,lwoolfallfs@photobucket.com,Genderfluid,129.197.141.132,2020
570,Marven,Wavish,43,mwavishft@paypal.com,Male,170.122.45.32,1983
571,Melania,Leteurtre,95,mleteurtrefu@oakley.com,Female,104.5.30.8,1931
572,Abdul,Baskwell,21,abaskwellfv@nifty.com,Male,239.93.246.30,2005
573,Hamnet,Accomb,47,haccombfw@nature.com,Male,42.58.194.44,1979
574,Gage,Kunneke,75,gkunnekefx@squidoo.com,Male,78.110.198.107,1951
575,Darya,Weeds,69,dweedsfy@yelp.com,Female,113.253.161.63,1957
576,Derk,Dressel,63,ddresselfz@youku.com,Male,164.14.73.130,1963
577,Nessie,Dany,4,ndanyg0@over-blog.com,Female,171.178.37.133,2022
578,Fidelio,Silburn,13,fsilburng1@xing.com,Male,135.13.207.35,2013
579,Charlena,McOwen,96,cmcoweng2@guardian.co.uk,Female,87.150.232.14,1930
580,Drusi,Ryle,58,dryleg3@free.fr,Female,136.202.212.23,1968
581,Joachim,Merrikin,68,jmerriking4@hibu.com,Male,206.247.81.193,1958
582,Kiah,Issitt,30,kissittg5@washington.edu,Female,142.56.201.36,1996
583,Rosco,Boddington,95,rboddingtong6@unc.edu,Male,234.34.40.136,1931
584,Anett,Magor,99,amagorg7@angelfire.com,Female,143.253.2.173,1927
585,Melessa,Manktelow,83,mmanktelowg8@google.it,Female,110.138.37.179,1943
586,Northrup,Eastham,8,neasthamg9@biblegateway.com,Male,243.114.202.119,2018
587,Chicky,Klimpt,31,cklimptga@plala.or.jp,Genderqueer,210.218.134.94,1995
588,Parke,Jeffery,11,pjefferygb@fc2.com,Male,112.97.44.4,2015
589,Olivero,Uebel,39,ouebelgc@cpanel.net,Male,201.137.92.90,1987
590,Giffy,Wilber,88,gwilbergd@ebay.co.uk,Male,152.161.190.197,1938
591,Fannie,Belfitt,67,fbelfittge@fc2.com,Female,189.85.57.108,1959
592,Vladamir,Jorat,63,vjoratgf@webeden.co.uk,Male,78.151.237.44,1963
593,Gabe,Dennett,29,gdennettgg@cdc.gov,Agender,182.47.77.176,1997
594,Jacynth,Poad,68,jpoadgh@google.co.jp,Agender,246.141.36.229,1958
595,Gardener,Trimming,63,gtrimminggi@biglobe.ne.jp,Male,151.200.225.253,1963
596,Corabelle,Capey,17,ccapeygj@disqus.com,Female,225.31.211.152,2009
597,Horton,Foulcher,92,hfoulchergk@adobe.com,Male,50.157.151.248,1934
598,Graham,Browning,34,gbrowninggl@google.ru,Male,79.191.55.156,1992
599,Julie,Hinken,55,jhinkengm@g.co,Female,177.137.152.85,1971
600,Natty,Orrocks,26,norrocksgn@mail.ru,Non-binary,234.52.87.32,2000
601,Dona,Lestor,74,dlestorgo@booking.com,Female,75.39.56.210,1952
602,Consolata,Leither,47,cleithergp@harvard.edu,Genderfluid,11.116.14.69,1979
603,Dalenna,Hinckes,91,dhinckesgq@gmpg.org,Female,77.26.117.160,1935
604,Rodge,Bonhill,99,rbonhillgr@123-reg.co.uk,Male,69.63.171.130,1927
605,Toiboid,Halms,47,thalmsgs@chicagotribune.com,Male,55.125.106.151,1979
606,Dana,Fussey,30,dfusseygt@uiuc.edu,Female,234.243.142.190,1996
607,Eduard,Pimer,31,epimergu@parallels.com,Male,241.38.255.146,1995
608,Dar,Vinecombe,16,dvinecombegv@dropbox.com,Male,202.128.89.18,2010
609,Korey,Perello,24,kperellogw@sciencedirect.com,Male,80.40.201.189,2002
610,Berny,Rasch,19,braschgx@paginegialle.it,Male,218.208.62.184,2007
611,Cathe,Samet,8,csametgy@example.com,Female,105.107.155.13,2018
612,Hillier,Seedhouse,84,hseedhousegz@reference.com,Male,247.53.32.150,1942
613,Lula,Pask,2,lpaskh0@ted.com,Genderqueer,157.200.177.209,2024
614,Gasper,Killick,43,gkillickh1@alexa.com,Male,28.106.112.215,1983
615,Chiquita,Mitton,49,cmittonh2@mit.edu,Female,146.122.189.10,1977
616,Ginny,Wraggs,3,gwraggsh3@weebly.com,Female,121.36.204.179,2023
617,Jill,Snoxell,25,jsnoxellh4@ebay.com,Female,118.164.136.179,2001
618,Dalt,Rassmann,10,drassmannh5@google.ca,Male,167.132.218.193,2016
619,Wainwright,Claricoats,35,wclaricoatsh6@miibeian.gov.cn,Male,88.77.60.72,1991
620,Kathy,Rexworthy,65,krexworthyh7@seattletimes.com,Female,23.184.143.14,1961
621,Federica,Robertot,43,frobertoth8@buzzfeed.com,Female,247.93.101.191,1983
622,Caldwell,Guise,97,cguiseh9@joomla.org,Male,52.53.86.232,1929
623,Ethel,Brandreth,69,ebrandrethha@bloglovin.com,Female,121.205.10.167,1957
624,Dione,Bredee,82,dbredeehb@paypal.com,Female,218.34.74.251,1944
625,Babb,Yell,10,byellhc@newsvine.com,Agender,230.195.43.106,2016
626,Elisabeth,Hendriksen,49,ehendriksenhd@digg.com,Female,239.213.239.60,1977
627,Skelly,Scare,59,sscarehe@issuu.com,Male,58.190.242.178,1967
628,Emmy,Ireson,95,eiresonhf@europa.eu,Female,150.129.167.159,1931
629,Laryssa,Liddington,1,lliddingtonhg@disqus.com,Female,218.79.204.216,2025
630,Reggie,Fronzek,59,rfronzekhh@theatlantic.com,Male,81.219.147.127,1967
631,Amity,Hebron,21,ahebronhi@barnesandnoble.com,Female,223.54.220.226,2005
632,Iago,Forestel,1,iforestelhj@discovery.com,Male,72.169.20.73,2025
633,Yankee,Beckson,97,ybecksonhk@vkontakte.ru,Male,189.59.186.86,1929
634,Fraze,Burghill,64,fburghillhl@wikispaces.com,Male,163.210.53.32,1962
635,Leora,Beggs,42,lbeggshm@prlog.org,Female,119.34.146.37,1984
636,Darcy,Storms,9,dstormshn@nba.com,Female,206.133.197.104,2017
637,Mort,Lenglet,99,mlengletho@cafepress.com,Genderfluid,70.50.100.197,1927
638,Kylynn,Trehearn,75,ktrehearnhp@dropbox.com,Female,194.168.62.29,1951
639,Callie,Setch,14,csetchhq@marriott.com,Female,137.133.181.229,2012
640,Locke,Brunt,84,lbrunthr@webs.com,Non-binary,206.141.183.252,1942
641,Christie,Kiley,48,ckileyhs@zdnet.com,Female,214.29.30.148,1978
642,Kalil,Rosenfeld,3,krosenfeldht@dyndns.org,Male,68.240.61.167,2023
643,Mathilda,Welsh,29,mwelshhu@mtv.com,Agender,211.70.252.81,1997
644,Myrlene,Mulder,19,mmulderhv@hibu.com,Female,157.213.62.195,2007
645,Milt,Souch,31,msouchhw@symantec.com,Male,237.167.230.129,1995
646,Marcy,Currall,36,mcurrallhx@pinterest.com,Female,214.94.46.72,1990
647,Muhammad,Keable,86,mkeablehy@diigo.com,Male,131.221.254.229,1940
648,Daffie,Waldera,80,dwalderahz@diigo.com,Polygender,177.163.30.110,1946
649,Bat,Yurukhin,62,byurukhini0@upenn.edu,Male,201.157.46.108,1964
650,Ingram,Brumen,91,ibrumeni1@umich.edu,Male,78.243.234.60,1935
651,Breena,Rankine,48,brankinei2@nasa.gov,Female,122.156.162.201,1978
652,Brose,Wootton,97,bwoottoni3@bizjournals.com,Male,225.213.96.224,1929
653,Alejandrina,Fellona,21,afellonai4@jigsy.com,Female,182.137.69.205,2005
654,Eulalie,Ivory,34,eivoryi5@timesonline.co.uk,Female,10.3.85.27,1992
655,Bartel,Janusz,94,bjanuszi6@google.com.br,Male,226.186.192.255,1932
656,Riane,Ballard,59,rballardi7@miitbeian.gov.cn,Bigender,213.90.206.70,1967
657,Claudell,Porter,35,cporteri8@github.io,Genderfluid,98.146.130.244,1991
658,Bree,Gilpillan,53,bgilpillani9@ucoz.com,Female,129.81.22.142,1973
659,Dacie,Woolward,74,dwoolwardia@wix.com,Female,227.151.75.100,1952
660,Berry,Rossbrook,23,brossbrookib@ed.gov,Female,178.240.88.54,2003
661,Bruno,Semeniuk,28,bsemeniukic@diigo.com,Male,165.156.96.87,1998
662,Marius,Turgoose,3,mturgooseid@mapquest.com,Male,222.43.43.152,2023
663,Cristi,Balog,61,cbalogie@sciencedirect.com,Female,74.53.201.243,1965
664,Cassius,Pulteneye,16,cpulteneyeif@cnbc.com,Male,160.211.128.165,2010
665,Odilia,Staziker,25,ostazikerig@auda.org.au,Female,167.216.163.230,2001
666,Jinny,Neachell,4,jneachellih@admin.ch,Female,173.193.187.32,2022
667,Chaddie,Parrish,42,cparrishii@slashdot.org,Male,50.193.152.68,1984
668,Morgen,Howsley,28,mhowsleyij@umich.edu,Female,71.129.19.140,1998
669,Theodoric,Osbidston,41,tosbidstonik@admin.ch,Male,67.171.62.131,1985
670,Gloriane,Lambregts,65,glambregtsil@berkeley.edu,Female,136.155.1.255,1961
671,Bobbie,Shire,4,bshireim@1und1.de,Male,160.171.149.237,2022
672,Skipp,Shuttle,43,sshuttlein@imageshack.us,Male,75.107.151.218,1983
673,Martguerita,Blaksland,35,mblakslandio@wikipedia.org,Female,146.101.222.68,1991
674,Pepita,Dwire,18,pdwireip@meetup.com,Female,62.220.9.168,2008
675,Lewie,Paolini,86,lpaoliniiq@whitehouse.gov,Male,64.160.247.104,1940
676,Lea,Roze,79,lrozeir@china.com.cn,Female,25.212.221.123,1947
677,Vanny,Garaghan,27,vgaraghanis@gnu.org,Female,192.105.169.53,1999
678,Bartlett,Checketts,74,bcheckettsit@unc.edu,Male,127.88.236.117,1952
679,Garrick,Levis,73,glevisiu@time.com,Male,202.128.96.15,1953
680,Carol,Ubsdell,8,cubsdelliv@netlog.com,Female,214.217.33.197,2018
681,Arabella,Losty,52,alostyiw@craigslist.org,Female,140.43.170.101,1974
682,Klement,MacNeill,98,kmacneillix@xinhuanet.com,Male,171.191.210.6,1928
683,Dun,Gamett,12,dgamettiy@linkedin.com,Male,45.53.73.76,2014
684,Corie,Flintiff,57,cflintiffiz@wired.com,Female,150.203.226.203,1969
685,Junie,Lincey,32,jlinceyj0@google.com.au,Female,172.109.223.236,1994
686,Phil,Pretor,37,ppretorj1@whitehouse.gov,Male,61.31.204.176,1989
687,Paolina,Shird,56,pshirdj2@nsw.gov.au,Bigender,223.38.66.136,1970
688,Jasen,Acomb,98,jacombj3@gov.uk,Male,157.245.151.70,1928
689,Larine,Rigmand,12,lrigmandj4@ask.com,Female,59.60.83.92,2014
690,Ranee,Ronchka,9,rronchkaj5@ted.com,Female,36.133.13.99,2017
691,Harry,Scourfield,97,hscourfieldj6@cmu.edu,Male,241.30.142.184,1929
692,Zacharia,Danihel,82,zdanihelj7@feedburner.com,Male,238.198.0.242,1944
693,Charles,Holyard,27,cholyardj8@pcworld.com,Male,137.66.89.84,1999
694,Paddie,Riccetti,54,priccettij9@nhs.uk,Male,202.163.25.148,1972
695,Aube,Burland,61,aburlandja@army.mil,Genderqueer,205.84.138.147,1965
696,Consalve,Sarchwell,83,csarchwelljb@unicef.org,Male,206.65.228.18,1943
697,Constance,Farndell,55,cfarndelljc@latimes.com,Female,113.195.190.155,1971
698,Ilene,Turtle,54,iturtlejd@amazon.de,Female,160.133.52.38,1972
699,Zelda,Waddam,61,zwaddamje@stanford.edu,Female,62.115.115.76,1965
700,Robbert,Spurett,82,rspurettjf@psu.edu,Male,223.161.122.201,1944
701,Erminia,Boundy,71,eboundyjg@cyberchimps.com,Female,111.157.28.166,1955
702,Tan,Groom,58,tgroomjh@soup.io,Male,249.115.73.12,1968
703,Cody,Mc Andrew,96,cmcandrewji@hostgator.com,Male,82.220.171.40,1930
704,Northrop,Voller,11,nvollerjj@tiny.cc,Male,58.116.160.216,2015
705,Marquita,Peasby,21,mpeasbyjk@army.mil,Female,184.136.3.3,2005
706,Gwenora,Cholton,44,gcholtonjl@ibm.com,Female,227.120.243.15,1982
707,Winfred,Antoszewski,61,wantoszewskijm@gnu.org,Male,12.74.61.243,1965
708,Klaus,Danilovich,42,kdanilovichjn@ed.gov,Male,172.35.234.226,1984
709,Joby,Pentecost,47,jpentecostjo@lulu.com,Female,81.38.197.61,1979
710,Erin,Buney,46,ebuneyjp@cisco.com,Male,222.228.193.190,1980
711,Dollie,Deaves,26,ddeavesjq@cbslocal.com,Genderfluid,50.123.205.109,2000
712,Trevar,Kelle,52,tkellejr@nih.gov,Polygender,200.59.204.55,1974
713,Conchita,Quinn,45,cquinnjs@cloudflare.com,Female,129.226.232.186,1981
714,Ron,Edmand,8,redmandjt@bravesites.com,Male,176.134.96.237,2018
715,Serge,Peppard,6,speppardju@ebay.co.uk,Male,193.210.230.39,2020
716,Helga,Wardle,66,hwardlejv@ucoz.ru,Female,160.44.48.79,1960
717,Ruttger,Jiggle,21,rjigglejw@cdc.gov,Male,53.191.6.68,2005
718,Judye,Dilon,90,jdilonjx@intel.com,Female,56.195.227.63,1936
719,Anna-maria,Cisneros,52,acisnerosjy@nature.com,Female,252.60.45.135,1974
720,Grace,Rentoll,38,grentolljz@netscape.com,Bigender,151.87.124.252,1988
721,Ryon,Richmond,2,rrichmondk0@comcast.net,Male,81.177.251.81,2024
722,Sheena,MacCole,84,smaccolek1@paypal.com,Female,168.82.157.127,1942
723,Aurore,Hannam,96,ahannamk2@wiley.com,Female,72.137.129.79,1930
724,Cacilie,Todarello,40,ctodarellok3@state.gov,Female,101.196.212.78,1986
725,Nannie,Oliver-Paull,79,noliverpaullk4@taobao.com,Female,116.236.175.249,1947
726,Kerwin,Bending,53,kbendingk5@howstuffworks.com,Male,56.63.3.179,1973
727,Nikolos,Clowton,86,nclowtonk6@springer.com,Male,236.242.173.87,1940
728,Dalila,Doget,67,ddogetk7@weather.com,Female,4.15.120.36,1959
729,Wit,Samworth,56,wsamworthk8@bravesites.com,Male,232.84.110.184,1970
730,Harmonie,Shackleton,7,hshackletonk9@tamu.edu,Female,220.242.89.86,2019
731,Mahala,Lars,66,mlarska@senate.gov,Female,84.142.37.235,1960
732,Kimmy,Chippindale,22,kchippindalekb@topsy.com,Female,247.76.142.252,2004
733,Raynard,Chater,96,rchaterkc@ehow.com,Male,81.180.136.240,1930
734,Ambur,Peffer,86,apefferkd@netvibes.com,Female,174.89.168.96,1940
735,Juan,Cosins,43,jcosinske@t.co,Male,192.205.148.43,1983
736,Amalle,Brehaut,68,abrehautkf@exblog.jp,Female,253.38.238.234,1958
737,Kyle,Jacox,16,kjacoxkg@cargocollective.com,Male,183.174.52.20,2010
738,Adriaens,Bener,5,abenerkh@alexa.com,Genderqueer,181.229.8.12,2021
739,Erwin,Tolerton,1,etolertonki@uol.com.br,Male,114.197.170.68,2025
740,Nikolai,Zannolli,57,nzannollikj@economist.com,Male,207.55.155.25,1969
741,Darren,Weldrick,64,dweldrickkk@flavors.me,Male,86.13.76.199,1962
742,Peggy,Colvie,27,pcolviekl@technorati.com,Female,53.135.249.85,1999
743,Kippar,Ben,66,kbenkm@slideshare.net,Male,244.25.228.14,1960
744,Andie,Griffitts,26,agriffittskn@forbes.com,Female,80.161.4.86,2000
745,Vitoria,Aulton,10,vaultonko@theguardian.com,Female,245.110.162.49,2016
746,Joan,Geffcock,71,jgeffcockkp@independent.co.uk,Female,136.113.96.233,1955
747,Lida,Steed,61,lsteedkq@omniture.com,Female,126.204.166.91,1965
748,Guy,Josephson,88,gjosephsonkr@trellian.com,Male,152.43.107.218,1938
749,Alistair,Stickford,94,astickfordks@businesswire.com,Male,147.101.231.253,1932
750,Brigitte,Pennacci,19,bpennaccikt@npr.org,Female,144.212.118.194,2007
751,Brannon,Douthwaite,59,bdouthwaiteku@storify.com,Genderqueer,240.209.246.31,1967
752,Keir,Francis,22,kfranciskv@newyorker.com,Male,53.229.181.184,2004
753,Shir,Horsley,21,shorsleykw@hostgator.com,Female,109.100.137.107,2005
754,Kaylyn,Davidou,88,kdavidoukx@engadget.com,Female,254.50.77.160,1938
755,Bonita,Muffitt,10,bmuffittky@bbb.org,Female,93.122.6.85,2016
756,Wayland,Martellini,27,wmartellinikz@berkeley.edu,Bigender,44.198.55.162,1999
757,Will,O'Hartigan,86,wohartiganl0@deviantart.com,Male,217.74.70.31,1940
758,Urbain,Glacken,92,uglackenl1@arstechnica.com,Male,180.182.62.29,1934
759,Valry,Donnett,79,vdonnettl2@ted.com,Female,186.17.111.26,1947
760,Quill,Mattersey,47,qmatterseyl3@newyorker.com,Male,127.98.111.173,1979
761,Kathleen,Sattin,71,ksattinl4@i2i.jp,Female,242.244.110.170,1955
762,Ainslie,Cheng,19,achengl5@apache.org,Female,138.198.21.231,2007
763,Kristel,Sloy,62,ksloyl6@wsj.com,Female,22.144.245.231,1964
764,Rufe,MacDearmont,33,rmacdearmontl7@surveymonkey.com,Male,15.49.118.178,1993
765,Waylin,Swadlin,62,wswadlinl8@storify.com,Male,65.237.175.90,1964
766,Jacquelin,Aven,83,javenl9@ifeng.com,Genderfluid,42.224.136.127,1943
767,Schuyler,Littrik,43,slittrikla@google.pl,Male,212.9.188.20,1983
768,Harriette,Gussin,52,hgussinlb@weather.com,Female,140.5.145.186,1974
769,Durante,Ingerson,13,dingersonlc@google.ru,Genderqueer,28.206.51.8,2013
770,Carmencita,Pleavin,24,cpleavinld@goo.gl,Female,157.219.65.155,2002
771,Rab,McGuffog,36,rmcguffogle@dmoz.org,Male,224.116.220.129,1990
772,Bennie,Lemme,29,blemmelf@biblegateway.com,Male,75.34.117.0,1997
773,Reece,Kasting,95,rkastinglg@vkontakte.ru,Male,209.23.204.119,1931
774,Amaleta,Fiander,29,afianderlh@paypal.com,Female,220.177.158.73,1997
775,Yorgos,Pail,50,ypailli@discuz.net,Male,39.109.0.230,1976
776,Nedi,Coger,20,ncogerlj@163.com,Female,144.96.124.30,2006
777,Zorah,Lapidus,48,zlapiduslk@opensource.org,Female,224.111.72.254,1978
778,Dorine,Opdenort,6,dopdenortll@buzzfeed.com,Bigender,217.196.151.81,2020
779,Karola,Coneau,20,kconeaulm@cam.ac.uk,Female,63.43.247.41,2006
780,Koralle,Corbould,8,kcorbouldln@youtube.com,Female,226.131.135.240,2018
781,Lorne,Local,44,llocallo@friendfeed.com,Male,30.248.121.254,1982
782,Chad,Warden,1,cwardenlp@g.co,Male,12.85.172.242,2025
783,Zachery,Howels,53,zhowelslq@xinhuanet.com,Polygender,152.226.247.175,1973
784,Danika,Klimshuk,7,dklimshuklr@macromedia.com,Bigender,104.154.148.152,2019
785,Mac,Busen,1,mbusenls@whitehouse.gov,Male,10.62.46.11,2025
786,Letty,Marriage,91,lmarriagelt@csmonitor.com,Female,104.130.76.196,1935
787,Booth,Stroulger,18,bstroulgerlu@jimdo.com,Male,28.162.213.181,2008
788,Dita,Napier,45,dnapierlv@house.gov,Female,118.59.120.32,1981
789,Rona,Mc Combe,77,rmccombelw@bbc.co.uk,Female,252.227.194.89,1949
790,Ingaberg,Bowcher,85,ibowcherlx@nationalgeographic.com,Female,47.96.90.137,1941
791,Errick,Haycroft,29,ehaycroftly@pbs.org,Male,60.203.117.29,1997
792,Nellie,Saint,97,nsaintlz@buzzfeed.com,Female,101.159.227.185,1929
793,Hubey,Shortt,42,hshorttm0@moonfruit.com,Bigender,22.140.219.24,1984
794,Mechelle,Mongain,20,mmongainm1@jigsy.com,Agender,12.40.198.138,2006
795,Audrye,Vida,34,avidam2@google.co.uk,Female,176.213.82.136,1992
796,Ernaline,Maffulli,32,emaffullim3@yellowbook.com,Female,151.225.193.47,1994
797,Hamnet,Wingrove,34,hwingrovem4@a8.net,Male,181.163.182.212,1992
798,Seymour,Talks,21,stalksm5@meetup.com,Male,107.170.22.109,2005
799,Inglis,Kornas,80,ikornasm6@hexun.com,Male,137.147.196.91,1946
800,Farah,Jentzsch,54,fjentzschm7@miibeian.gov.cn,Female,165.80.187.248,1972
801,Genevieve,Flanne,41,gflannem8@fc2.com,Female,158.200.42.192,1985
802,Cari,Schnieder,71,cschniederm9@aol.com,Female,238.212.214.42,1955
803,Lori,Holbarrow,61,lholbarrowma@cam.ac.uk,Female,58.137.132.209,1965
804,Cami,Veare,27,cvearemb@com.com,Female,225.49.227.73,1999
805,Jesse,Kildahl,5,jkildahlmc@ox.ac.uk,Female,247.169.39.0,2021
806,Nehemiah,Jerome,23,njeromemd@amazon.com,Male,134.89.252.42,2003
807,Brittaney,Duthie,85,bduthieme@xrea.com,Female,74.108.220.34,1941
808,Rafferty,Bampkin,4,rbampkinmf@bloglovin.com,Genderqueer,255.22.56.105,2022
809,Sioux,Fairhead,89,sfairheadmg@nbcnews.com,Female,148.57.168.235,1937
810,Harlin,Kewzick,3,hkewzickmh@ask.com,Male,43.94.248.90,2023
811,Sari,Rackstraw,84,srackstrawmi@msn.com,Female,173.30.124.77,1942
812,Maxy,Hazart,11,mhazartmj@ow.ly,Male,148.137.243.6,2015
813,Dalston,Coghlin,62,dcoghlinmk@cdc.gov,Male,65.158.119.189,1964
814,Barb,Verbeke,3,bverbekeml@ted.com,Female,54.122.36.94,2023
815,Ken,Purvey,32,kpurveymm@bigcartel.com,Bigender,39.241.169.195,1994
816,Carmelle,Stittle,28,cstittlemn@npr.org,Female,86.53.113.230,1998
817,Sutherlan,Sabates,60,ssabatesmo@hhs.gov,Male,155.179.102.144,1966
818,Liva,Leipelt,77,lleipeltmp@pcworld.com,Female,250.175.185.160,1949
819,Damiano,Foulstone,64,dfoulstonemq@nasa.gov,Male,180.193.108.81,1962
820,Renee,Backsal,50,rbacksalmr@is.gd,Female,105.253.76.37,1976
821,Demetra,Durak,74,ddurakms@oakley.com,Female,231.9.217.127,1952
822,Hunt,Berdale,23,hberdalemt@yahoo.co.jp,Male,37.97.14.125,2003
823,Isac,O'Scanlan,78,ioscanlanmu@opensource.org,Male,158.181.189.132,1948
824,Zoe,Shrimplin,36,zshrimplinmv@hatena.ne.jp,Female,233.39.165.58,1990
825,Teena,Duce,74,tducemw@theguardian.com,Female,115.87.209.74,1952
826,Ethelbert,Andrez,42,eandrezmx@wikipedia.org,Male,157.136.227.156,1984
827,Dulsea,Whitford,20,dwhitfordmy@feedburner.com,Female,26.157.99.35,2006
828,Farr,Kearney,17,fkearneymz@example.com,Male,117.193.209.207,2009
829,Pauly,Waud,52,pwaudn0@facebook.com,Male,98.6.253.69,1974
830,Hanni,Haselup,82,hhaselupn1@cdc.gov,Female,207.87.54.110,1944
831,Kipp,Mathely,12,kmathelyn2@aol.com,Male,18.68.125.11,2014
832,Cassey,Massei,67,cmassein3@xing.com,Female,147.148.190.1,1959
833,Arron,Dignum,88,adignumn4@opera.com,Male,215.31.76.188,1938
834,Pru,Ewdale,26,pewdalen5@cbslocal.com,Agender,193.127.98.26,2000
835,Aube,Dunphy,72,adunphyn6@fastcompany.com,Male,159.41.118.145,1954
836,Lindy,Shearston,93,lshearstonn7@wordpress.com,Male,176.222.99.65,1933
837,Annabel,Tejada,18,atejadan8@umich.edu,Polygender,15.16.31.129,2008
838,Cissiee,Tregonna,47,ctregonnan9@purevolume.com,Polygender,238.83.159.69,1979
839,Lazare,Levey,8,lleveyna@goo.gl,Polygender,78.140.44.21,2018
840,Alicea,Titcom,28,atitcomnb@a8.net,Female,26.14.202.107,1998
841,Neale,Panther,1,npanthernc@seattletimes.com,Male,238.245.222.53,2025
842,Kahaleel,Leroy,93,kleroynd@skyrock.com,Male,40.108.25.41,1933
843,Madella,Stanway,46,mstanwayne@domainmarket.com,Female,104.198.104.207,1980
844,Rudolfo,Smewin,97,rsmewinnf@facebook.com,Male,206.117.173.111,1929
845,Zulema,Sommerly,69,zsommerlyng@altervista.org,Female,90.5.75.32,1957
846,Edgardo,Heinish,28,eheinishnh@nytimes.com,Male,159.135.33.107,1998
847,Jeralee,Kendal,8,jkendalni@issuu.com,Female,246.82.217.144,2018
848,Peyter,Kew,45,pkewnj@comsenz.com,Male,50.244.52.84,1981
849,Crista,Grutchfield,28,cgrutchfieldnk@theguardian.com,Genderfluid,115.250.136.81,1998
850,Matti,Killiner,47,mkillinernl@nhs.uk,Female,43.99.167.95,1979
851,Sinclare,Nodes,50,snodesnm@biblegateway.com,Male,134.141.200.100,1976
852,Abby,Spedding,18,aspeddingnn@prnewswire.com,Female,234.86.221.127,2008
853,Giraud,Rooze,6,groozeno@va.gov,Male,3.173.169.65,2020
854,Vita,Basso,27,vbassonp@hp.com,Female,244.79.211.251,1999
855,Bethany,Richmont,32,brichmontnq@eepurl.com,Non-binary,43.163.189.46,1994
856,Wittie,McManamon,24,wmcmanamonnr@hexun.com,Male,54.132.66.178,2002
857,Miles,Pretsel,87,mpretselns@paginegialle.it,Male,213.161.161.71,1939
858,Artemis,Barnsdall,84,abarnsdallnt@netlog.com,Male,89.48.240.103,1942
859,Walsh,Gater,78,wgaternu@blogger.com,Male,195.117.251.114,1948
860,Jacinta,Tomasini,84,jtomasininv@dropbox.com,Female,10.112.10.160,1942
861,Sanford,Mandrey,15,smandreynw@sun.com,Male,194.74.57.25,2011
862,Jonas,Rastrick,90,jrastricknx@tinyurl.com,Male,58.70.134.107,1936
863,Freddie,Belford,83,fbelfordny@dagondesign.com,Male,59.68.43.86,1943
864,Agatha,McGow,46,amcgownz@dailymotion.com,Female,89.209.29.138,1980
865,Kym,Graves,45,kgraveso0@loc.gov,Female,164.241.157.28,1981
866,Herbert,Doel,52,hdoelo1@noaa.gov,Male,94.234.35.213,1974
867,Maye,Souness,1,msounesso2@ed.gov,Non-binary,52.4.119.139,2025
868,Padriac,Huntingdon,8,phuntingdono3@google.com.au,Male,51.57.92.127,2018
869,Nan,Douch,96,ndoucho4@npr.org,Female,78.45.187.190,1930
870,Web,Varrow,92,wvarrowo5@phpbb.com,Male,190.167.126.201,1934
871,Marcelline,Zanitti,4,mzanittio6@dagondesign.com,Female,17.36.102.217,2022
872,Lorianna,MacAirt,67,lmacairto7@census.gov,Female,218.18.126.65,1959
873,Natividad,Luciano,53,nlucianoo8@php.net,Female,30.67.176.214,1973
874,Bob,Gumey,51,bgumeyo9@qq.com,Male,203.111.150.147,1975
875,Hillary,Balbeck,85,hbalbeckoa@dell.com,Male,141.82.140.149,1941
876,Edsel,Van der Spohr,56,evanderspohrob@earthlink.net,Male,231.71.165.47,1970
877,Colver,Hanvey,79,chanveyoc@mail.ru,Male,216.57.225.130,1947
878,Andros,Gough,31,agoughod@cdbaby.com,Male,77.132.166.173,1995
879,Kassia,Silcox,21,ksilcoxoe@is.gd,Female,31.241.75.167,2005
880,Abel,Gulliman,60,agullimanof@state.gov,Male,88.198.247.81,1966
881,Garvy,Coopman,91,gcoopmanog@aboutads.info,Male,4.85.131.142,1935
882,Jeri,Avrahamoff,55,javrahamoffoh@bravesites.com,Female,206.58.50.99,1971
883,Cherilynn,Haly,45,chalyoi@ted.com,Female,135.221.225.182,1981
884,Sheena,Decaze,59,sdecazeoj@hc360.com,Female,32.21.175.118,1967
885,Alexandra,Balchin,36,abalchinok@bluehost.com,Female,215.29.28.88,1990
886,Tamar,Golden,80,tgoldenol@unicef.org,Female,223.155.209.79,1946
887,Norbie,Ventom,56,nventomom@businesswire.com,Male,210.196.42.178,1970
888,Vitoria,Cosgrive,93,vcosgriveon@fda.gov,Female,218.95.33.159,1933
889,Hanna,Sola,71,hsolaoo@illinois.edu,Female,165.30.13.2,1955
890,Steve,Losbie,85,slosbieop@sun.com,Male,175.160.25.166,1941
891,Ag,Fincher,41,afincheroq@istockphoto.com,Female,230.211.221.97,1985
892,Jayson,Telford,48,jtelfordor@dell.com,Male,130.104.114.240,1978
893,Stevy,Milburne,27,smilburneos@squarespace.com,Bigender,185.169.6.39,1999
894,Dulcea,Yaknov,57,dyaknovot@blog.com,Female,218.239.140.28,1969
895,Tuck,Brackenbury,83,tbrackenburyou@bloglines.com,Male,41.135.142.5,1943
896,Bethina,Sabben,34,bsabbenov@hhs.gov,Female,225.40.236.44,1992
897,Modesta,Cruxton,49,mcruxtonow@imageshack.us,Female,15.225.160.117,1977
898,Marlane,Warrior,91,mwarriorox@squarespace.com,Female,97.252.113.120,1935
899,Marne,Nozzolii,81,mnozzoliioy@slideshare.net,Female,45.126.116.100,1945
900,Zachariah,Vanyakin,53,zvanyakinoz@netscape.com,Male,58.105.163.36,1973
901,Millicent,Mahmood,76,mmahmoodp0@over-blog.com,Female,120.52.214.213,1950
902,Blair,Shipp,72,bshippp1@foxnews.com,Male,189.148.185.143,1954
903,Ring,Argyle,71,rargylep2@cam.ac.uk,Male,79.92.31.195,1955
904,Lonee,Antonazzi,55,lantonazzip3@apple.com,Female,165.133.106.190,1971
905,Rayner,Fluin,4,rfluinp4@meetup.com,Male,140.21.54.154,2022
906,Lek,Renneke,87,lrennekep5@businessweek.com,Bigender,145.43.96.127,1939
907,Rickert,Nannini,84,rnanninip6@amazonaws.com,Male,60.39.178.43,1942
908,Betsey,Guly,28,bgulyp7@stanford.edu,Female,84.160.151.113,1998
909,Kendrick,Volett,48,kvolettp8@prlog.org,Male,9.119.33.195,1978
910,Gibb,Siddall,33,gsiddallp9@live.com,Male,143.69.18.155,1993
911,Krista,Woodrough,12,kwoodroughpa@clickbank.net,Female,224.42.19.208,2014
912,Lynett,McNab,59,lmcnabpb@soundcloud.com,Non-binary,213.167.142.169,1967
913,Nikolaos,Pietzker,67,npietzkerpc@disqus.com,Male,234.138.161.232,1959
914,Maurie,Booler,41,mboolerpd@aol.com,Male,108.196.92.180,1985
915,Fabe,Whiteland,94,fwhitelandpe@imgur.com,Male,176.34.190.143,1932
916,Siffre,Tooley,50,stooleypf@artisteer.com,Male,226.1.105.90,1976
917,Catriona,Borge,91,cborgepg@domainmarket.com,Female,253.145.49.255,1935
918,Tasha,Gommery,27,tgommeryph@goodreads.com,Female,222.192.3.92,1999
919,Janis,Antonin,48,jantoninpi@harvard.edu,Female,97.42.141.243,1978
920,Dania,Meltetal,84,dmeltetalpj@un.org,Female,108.129.137.109,1942
921,Moreen,Daventry,5,mdaventrypk@studiopress.com,Female,99.97.177.94,2021
922,Parsifal,Kirley,15,pkirleypl@joomla.org,Male,103.0.51.5,2011
923,Mark,Timewell,67,mtimewellpm@google.de,Male,169.65.128.191,1959
924,Meryl,Mannering,31,mmanneringpn@networksolutions.com,Female,161.73.177.46,1995
925,Augusta,Gourley,96,agourleypo@adobe.com,Female,222.75.128.55,1930
926,Shay,Briiginshaw,56,sbriiginshawpp@posterous.com,Female,67.254.9.90,1970
927,Dewain,Abdie,17,dabdiepq@illinois.edu,Male,179.227.9.193,2009
928,Pierette,MacArthur,84,pmacarthurpr@i2i.jp,Non-binary,39.35.229.69,1942
929,Dallis,Cuttles,74,dcuttlesps@google.it,Male,106.135.54.113,1952
930,Luz,Cregin,13,lcreginpt@kickstarter.com,Female,37.151.104.194,2013
931,Agna,Hebner,16,ahebnerpu@yahoo.co.jp,Female,83.243.35.168,2010
932,Camala,Sebyer,27,csebyerpv@mtv.com,Female,96.29.137.204,1999
933,Keane,Rooms,64,kroomspw@loc.gov,Male,197.231.209.170,1962
934,Daune,Tollady,22,dtolladypx@nydailynews.com,Polygender,202.10.68.191,2004
935,Kayla,Gianotti,98,kgianottipy@facebook.com,Female,46.157.12.170,1928
936,Arlen,Doick,24,adoickpz@live.com,Female,248.135.140.14,2002
937,Kyla,Dewicke,46,kdewickeq0@apple.com,Female,35.50.129.143,1980
938,Saudra,McGrale,34,smcgraleq1@clickbank.net,Female,26.125.30.123,1992
939,Nicol,Greated,6,ngreatedq2@wufoo.com,Male,13.58.233.245,2020
940,Fremont,Awmack,30,fawmackq3@guardian.co.uk,Male,25.100.4.171,1996
941,Wendi,Blaby,22,wblabyq4@scribd.com,Female,105.164.254.173,2004
942,Adeline,Marriage,79,amarriageq5@de.vu,Genderqueer,252.212.53.79,1947
943,Anastassia,De Meis,8,ademeisq6@cpanel.net,Female,224.65.70.81,2018
944,Saundra,Imrie,68,simrieq7@skype.com,Male,25.151.109.227,1958
945,Siegfried,Kinleyside,90,skinleysideq8@delicious.com,Male,100.179.46.123,1936
946,Evita,Crosthwaite,37,ecrosthwaiteq9@bbc.co.uk,Female,13.158.145.124,1989
947,Horten,Temple,71,htempleqa@xrea.com,Male,119.6.18.103,1955
948,Gerry,Melmeth,97,gmelmethqb@weibo.com,Male,170.22.191.175,1929
949,Loralyn,Brodie,96,lbrodieqc@blogtalkradio.com,Female,7.68.14.126,1930
950,Sula,Weller,45,swellerqd@digg.com,Female,12.70.142.23,1981
951,Jackqueline,Cotter,8,jcotterqe@oaic.gov.au,Female,85.74.6.120,2018
952,Perla,Conyard,88,pconyardqf@desdev.cn,Polygender,73.167.8.243,1938
953,Adrianne,Mathan,12,amathanqg@usda.gov,Female,158.138.174.61,2014
954,Nolana,Gellier,28,ngellierqh@sakura.ne.jp,Female,71.189.102.226,1998
955,Barbaraanne,Shearstone,38,bshearstoneqi@alexa.com,Female,26.11.49.172,1988
956,Siward,Orhtmann,11,sorhtmannqj@sohu.com,Male,16.245.19.194,2015
957,Zulema,Iddy,17,ziddyqk@boston.com,Female,13.45.55.119,2009
958,Killie,Trengove,80,ktrengoveql@alibaba.com,Male,124.203.143.55,1946
959,Ceciley,Melland,6,cmellandqm@ft.com,Female,137.218.244.18,2020
960,Clemmy,Bauld,22,cbauldqn@indiatimes.com,Female,22.147.181.143,2004
961,Riki,Rossin,75,rrossinqo@nytimes.com,Female,144.50.62.2,1951
962,Marybeth,Presdie,75,mpresdieqp@myspace.com,Polygender,58.77.98.115,1951
963,Axe,Hynson,59,ahynsonqq@trellian.com,Male,201.175.59.190,1967
964,Richie,Frangello,49,rfrangelloqr@aboutads.info,Male,227.187.0.237,1977
965,Fifi,Sever,7,fseverqs@indiegogo.com,Female,246.193.69.118,2019
966,Aurelie,O'Harney,60,aoharneyqt@admin.ch,Female,237.16.115.99,1966
967,Leeanne,Simmans,5,lsimmansqu@weather.com,Female,191.34.91.130,2021
968,Kassie,Dyers,78,kdyersqv@rediff.com,Female,161.252.134.132,1948
969,Stephine,Hawler,4,shawlerqw@smh.com.au,Female,149.47.138.70,2022
970,Colette,Carthew,16,ccarthewqx@1688.com,Female,175.109.60.115,2010
971,Alec,Currey,98,acurreyqy@nsw.gov.au,Male,113.116.119.237,1928
972,Gina,Housegoe,71,ghousegoeqz@washington.edu,Female,43.168.200.135,1955
973,Bette-ann,Harbour,91,bharbourr0@pinterest.com,Female,214.187.114.229,1935
974,Gussi,Clara,98,gclarar1@ifeng.com,Female,181.181.3.173,1928
975,Winthrop,Tiffin,1,wtiffinr2@php.net,Male,68.198.229.185,2025
976,Jarrett,Colin,99,jcolinr3@arstechnica.com,Male,18.1.168.0,1927
977,Giffer,Fritche,84,gfritcher4@joomla.org,Male,54.185.16.13,1942
978,Kassia,Alans,86,kalansr5@fda.gov,Female,210.5.219.60,1940
979,Jamaal,Semarke,41,jsemarker6@redcross.org,Agender,247.124.182.165,1985
980,Kevyn,Childrens,45,kchildrensr7@fda.gov,Female,181.65.56.122,1981
981,Krissie,Cornner,80,kcornnerr8@reuters.com,Female,162.213.105.240,1946
982,Etheline,Fishleigh,58,efishleighr9@prnewswire.com,Female,51.105.57.157,1968
983,Lynnell,Hayes,54,lhayesra@wordpress.org,Female,31.128.13.115,1972
984,Georgeanna,Vernon,44,gvernonrb@mit.edu,Female,121.103.40.252,1982
985,Doy,Loddon,79,dloddonrc@mac.com,Male,160.138.21.199,1947
986,Ezekiel,Strass,93,estrassrd@zimbio.com,Male,110.226.5.176,1933
987,Althea,Scurrell,34,ascurrellre@joomla.org,Female,27.222.201.221,1992
988,Lombard,Meneux,42,lmeneuxrf@xing.com,Male,7.176.58.144,1984
989,Pamela,Rowlings,9,prowlingsrg@1und1.de,Female,109.14.177.27,2017
990,Kitti,Whitely,96,kwhitelyrh@seattletimes.com,Female,126.163.72.105,1930
991,Ettie,Smoughton,49,esmoughtonri@ehow.com,Female,226.113.103.168,1977
992,Hilton,Klaves,51,hklavesrj@instagram.com,Male,101.108.200.218,1975
993,Glen,Twigge,13,gtwiggerk@altervista.org,Male,140.4.198.3,2013
994,Dallas,Ferneyhough,11,dferneyhoughrl@examiner.com,Female,50.32.215.185,2015
995,Penny,Toffanini,7,ptoffaninirm@hao123.com,Female,215.27.27.134,2019
996,Rory,Cardenoza,5,rcardenozarn@mapquest.com,Female,88.198.229.219,2021
997,Erin,Dell,38,edellro@google.ca,Male,230.222.248.241,1988
998,Mamie,Dudley,93,mdudleyrp@sogou.com,Female,22.120.101.0,1933
999,Bambi,Wincer,32,bwincerrq@parallels.com,Female,18.147.101.114,1994
1000,Will,Brennenstuhl,62,wbrennenstuhlrr@yelp.com,Male,88.223.190.64,1964
